"age_group","is_female","category","N","count","percent"
"[40,45)",0,"Activity limitation",172657,136,0.000787688886057327
"[40,45)",1,"Activity limitation",187171,214,0.00114333951306559
"[45,50)",0,"Activity limitation",191151,238,0.00124508896108312
"[45,50)",1,"Activity limitation",206166,367,0.00178011893328677
"[50,55)",0,"Activity limitation",194439,355,0.00182576540714569
"[50,55)",1,"Activity limitation",206433,469,0.00227192357811009
"[55,60)",0,"Activity limitation",179077,528,0.00294845234173009
"[55,60)",1,"Activity limitation",184234,601,0.00326215573672612
"[60,65)",0,"Activity limitation",168738,807,0.00478256231554244
"[60,65)",1,"Activity limitation",172121,746,0.00433416027097216
"[65,70)",0,"Activity limitation",164562,1184,0.00719485664977334
"[65,70)",1,"Activity limitation",168324,1197,0.00711128537819919
"[70,75)",0,"Activity limitation",133029,1495,0.0112381510798397
"[70,75)",1,"Activity limitation",142086,1501,0.0105640246048168
"[75,80)",0,"Activity limitation",105382,1944,0.0184471731415232
"[75,80)",1,"Activity limitation",120407,2013,0.0167182971089721
"[80,120]",0,"Activity limitation",151396,3737,0.0246836111918413
"[80,120]",1,"Activity limitation",233184,5345,0.022921812817346
"[40,45)",0,"Anaemia and haematinic deficiency",172657,1083,0.00627255193823592
"[40,45)",1,"Anaemia and haematinic deficiency",187171,6947,0.0371157925105919
"[45,50)",0,"Anaemia and haematinic deficiency",191151,1533,0.00801983771991776
"[45,50)",1,"Anaemia and haematinic deficiency",206166,8765,0.0425142846056091
"[50,55)",0,"Anaemia and haematinic deficiency",194439,2203,0.011330031526597
"[50,55)",1,"Anaemia and haematinic deficiency",206433,7589,0.0367625331221268
"[55,60)",0,"Anaemia and haematinic deficiency",179077,2785,0.015551969264618
"[55,60)",1,"Anaemia and haematinic deficiency",184234,4780,0.0259452652604839
"[60,65)",0,"Anaemia and haematinic deficiency",168738,3865,0.0229053325273501
"[60,65)",1,"Anaemia and haematinic deficiency",172121,4472,0.0259817221605731
"[65,70)",0,"Anaemia and haematinic deficiency",164562,5112,0.0310642797243592
"[65,70)",1,"Anaemia and haematinic deficiency",168324,5389,0.0320156365105392
"[70,75)",0,"Anaemia and haematinic deficiency",133029,5968,0.0448623984244037
"[70,75)",1,"Anaemia and haematinic deficiency",142086,6614,0.0465492729755219
"[75,80)",0,"Anaemia and haematinic deficiency",105382,6988,0.0663111347288911
"[75,80)",1,"Anaemia and haematinic deficiency",120407,7834,0.06506266246979
"[80,120]",0,"Anaemia and haematinic deficiency",151396,14998,0.0990647044836059
"[80,120]",1,"Anaemia and haematinic deficiency",233184,21146,0.0906837518869219
"[40,45)",0,"Arthritis",172657,4966,0.0287622280011815
"[40,45)",1,"Arthritis",187171,3068,0.0163914281592768
"[45,50)",0,"Arthritis",191151,7231,0.0378287322587902
"[45,50)",1,"Arthritis",206166,5803,0.0281472211712892
"[50,55)",0,"Arthritis",194439,10380,0.0533843519047105
"[50,55)",1,"Arthritis",206433,9806,0.0475020951107623
"[55,60)",0,"Arthritis",179077,12847,0.0717400894587245
"[55,60)",1,"Arthritis",184234,13376,0.0726033196912622
"[60,65)",0,"Arthritis",168738,15769,0.0934525714421174
"[60,65)",1,"Arthritis",172121,16535,0.0960661395181297
"[65,70)",0,"Arthritis",164562,17603,0.106968802032061
"[65,70)",1,"Arthritis",168324,18893,0.112241866875787
"[70,75)",0,"Arthritis",133029,16080,0.120875899240015
"[70,75)",1,"Arthritis",142086,18631,0.131124811733739
"[75,80)",0,"Arthritis",105382,14509,0.137680059213148
"[75,80)",1,"Arthritis",120407,18175,0.150946373549711
"[80,120]",0,"Arthritis",151396,20515,0.135505561573622
"[80,120]",1,"Arthritis",233184,31174,0.133688417730204
"[40,45)",0,"Atrial fibrillation",172657,425,0.00246152776892915
"[40,45)",1,"Atrial fibrillation",187171,126,0.000673181208627405
"[45,50)",0,"Atrial fibrillation",191151,817,0.00427410790422232
"[45,50)",1,"Atrial fibrillation",206166,274,0.00132902612457922
"[50,55)",0,"Atrial fibrillation",194439,1393,0.00716420059761673
"[50,55)",1,"Atrial fibrillation",206433,518,0.00250928872806189
"[55,60)",0,"Atrial fibrillation",179077,2256,0.0125979327328468
"[55,60)",1,"Atrial fibrillation",184234,908,0.00492851482353963
"[60,65)",0,"Atrial fibrillation",168738,3500,0.0207422157427491
"[60,65)",1,"Atrial fibrillation",172121,1562,0.00907501118399266
"[65,70)",0,"Atrial fibrillation",164562,5397,0.0327961497794144
"[65,70)",1,"Atrial fibrillation",168324,2858,0.0169791592405123
"[70,75)",0,"Atrial fibrillation",133029,6694,0.0503198550691954
"[70,75)",1,"Atrial fibrillation",142086,4219,0.0296932843489154
"[75,80)",0,"Atrial fibrillation",105382,7654,0.07263099960145
"[75,80)",1,"Atrial fibrillation",120407,6037,0.050138280996952
"[80,120]",0,"Atrial fibrillation",151396,15083,0.0996261460012154
"[80,120]",1,"Atrial fibrillation",233184,18436,0.0790620282695211
"[40,45)",0,"Cerebrovascular disease",172657,589,0.00341138789623357
"[40,45)",1,"Cerebrovascular disease",187171,517,0.00276218003857435
"[45,50)",0,"Cerebrovascular disease",191151,1071,0.00560290032487405
"[45,50)",1,"Cerebrovascular disease",206166,932,0.00452062900769283
"[50,55)",0,"Cerebrovascular disease",194439,2021,0.0103940053178632
"[50,55)",1,"Cerebrovascular disease",206433,1558,0.00754724293112051
"[55,60)",0,"Cerebrovascular disease",179077,2884,0.0161048040786924
"[55,60)",1,"Cerebrovascular disease",184234,1998,0.0108449037636918
"[60,65)",0,"Cerebrovascular disease",168738,3959,0.0234624091787268
"[60,65)",1,"Cerebrovascular disease",172121,2692,0.0156401601199156
"[65,70)",0,"Cerebrovascular disease",164562,5322,0.0323403945017683
"[65,70)",1,"Cerebrovascular disease",168324,3910,0.0232290107174259
"[70,75)",0,"Cerebrovascular disease",133029,6341,0.0476662983259289
"[70,75)",1,"Cerebrovascular disease",142086,4842,0.0340779527891559
"[75,80)",0,"Cerebrovascular disease",105382,7118,0.0675447419862975
"[75,80)",1,"Cerebrovascular disease",120407,6127,0.0508857458453412
"[80,120]",0,"Cerebrovascular disease",151396,14603,0.0964556527253032
"[80,120]",1,"Cerebrovascular disease",233184,19774,0.0847999862769315
"[40,45)",0,"Chronic kidney disease",172657,11385,0.0659399850570785
"[40,45)",1,"Chronic kidney disease",187171,15269,0.0815778085280305
"[45,50)",0,"Chronic kidney disease",191151,15627,0.08175212266742
"[45,50)",1,"Chronic kidney disease",206166,19572,0.0949332091615494
"[50,55)",0,"Chronic kidney disease",194439,19689,0.101260549581103
"[50,55)",1,"Chronic kidney disease",206433,22568,0.109323606206372
"[55,60)",0,"Chronic kidney disease",179077,21942,0.122528297883034
"[55,60)",1,"Chronic kidney disease",184234,22457,0.12189389580642
"[60,65)",0,"Chronic kidney disease",168738,24243,0.143672438928991
"[60,65)",1,"Chronic kidney disease",172121,24090,0.139959679527774
"[65,70)",0,"Chronic kidney disease",164562,28223,0.171503749346751
"[65,70)",1,"Chronic kidney disease",168324,27794,0.16512202656781
"[70,75)",0,"Chronic kidney disease",133029,27131,0.203948011335874
"[70,75)",1,"Chronic kidney disease",142086,28534,0.200822037357657
"[75,80)",0,"Chronic kidney disease",105382,26120,0.24786016587273
"[75,80)",1,"Chronic kidney disease",120407,29668,0.246397634689013
"[80,120]",0,"Chronic kidney disease",151396,46966,0.310219556659357
"[80,120]",1,"Chronic kidney disease",233184,72450,0.310698847262248
"[40,45)",0,"Diabetes",172657,5734,0.0332103534753876
"[40,45)",1,"Diabetes",187171,4152,0.0221829236366745
"[45,50)",0,"Diabetes",191151,10005,0.0523408195614985
"[45,50)",1,"Diabetes",206166,6717,0.0325805418934257
"[50,55)",0,"Diabetes",194439,14972,0.0770010131712259
"[50,55)",1,"Diabetes",206433,9782,0.0473858346291533
"[55,60)",0,"Diabetes",179077,19033,0.106283889053312
"[55,60)",1,"Diabetes",184234,12262,0.0665566616368314
"[60,65)",0,"Diabetes",168738,22347,0.132436084343776
"[60,65)",1,"Diabetes",172121,14564,0.0846148930113118
"[65,70)",0,"Diabetes",164562,25753,0.156494208869605
"[65,70)",1,"Diabetes",168324,17127,0.101750196050474
"[70,75)",0,"Diabetes",133029,24519,0.184313194867285
"[70,75)",1,"Diabetes",142086,18183,0.127971791731768
"[75,80)",0,"Diabetes",105382,22012,0.208878176538688
"[75,80)",1,"Diabetes",120407,18528,0.153878096788393
"[80,120]",0,"Diabetes",151396,28844,0.190520225105023
"[80,120]",1,"Diabetes",233184,33058,0.141767874296693
"[40,45)",0,"Dizziness",172657,4325,0.0250496649426319
"[40,45)",1,"Dizziness",187171,11008,0.0588125297188133
"[45,50)",0,"Dizziness",191151,5237,0.0273971886100517
"[45,50)",1,"Dizziness",206166,12446,0.0603688290018723
"[50,55)",0,"Dizziness",194439,6086,0.031300304979968
"[50,55)",1,"Dizziness",206433,13307,0.0644615928654818
"[55,60)",0,"Dizziness",179077,6795,0.0379445713296515
"[55,60)",1,"Dizziness",184234,12899,0.0700142210449754
"[60,65)",0,"Dizziness",168738,7741,0.045875854875606
"[60,65)",1,"Dizziness",172121,13105,0.0761382980577617
"[65,70)",0,"Dizziness",164562,9114,0.0553833813395559
"[65,70)",1,"Dizziness",168324,14337,0.0851750196050474
"[70,75)",0,"Dizziness",133029,9068,0.0681655879545062
"[70,75)",1,"Dizziness",142086,13562,0.0954492349703701
"[75,80)",0,"Dizziness",105382,8984,0.0852517507733769
"[75,80)",1,"Dizziness",120407,13395,0.111247684935261
"[80,120]",0,"Dizziness",151396,14977,0.0989259954027848
"[80,120]",1,"Dizziness",233184,27141,0.116393062988884
"[40,45)",0,"Dyspnoea",172657,3351,0.0194084224792508
"[40,45)",1,"Dyspnoea",187171,5391,0.028802538854844
"[45,50)",0,"Dyspnoea",191151,4690,0.0245355765860498
"[45,50)",1,"Dyspnoea",206166,6859,0.0332693072572587
"[50,55)",0,"Dyspnoea",194439,6243,0.0321077561600296
"[50,55)",1,"Dyspnoea",206433,7977,0.0386420775748064
"[55,60)",0,"Dyspnoea",179077,7951,0.0443998950172272
"[55,60)",1,"Dyspnoea",184234,8583,0.0465874919938774
"[60,65)",0,"Dyspnoea",168738,10585,0.0627303867534284
"[60,65)",1,"Dyspnoea",172121,10480,0.0608873989809494
"[65,70)",0,"Dyspnoea",164562,13518,0.0821453312429358
"[65,70)",1,"Dyspnoea",168324,13172,0.0782538437774768
"[70,75)",0,"Dyspnoea",133029,14496,0.108968721105924
"[70,75)",1,"Dyspnoea",142086,14820,0.104303027743761
"[75,80)",0,"Dyspnoea",105382,14892,0.141314455979199
"[75,80)",1,"Dyspnoea",120407,16053,0.133322813457689
"[80,120]",0,"Dyspnoea",151396,26724,0.17651721313641
"[80,120]",1,"Dyspnoea",233184,35970,0.154255866611774
"[40,45)",0,"Falls",172657,1372,0.00794639082110775
"[40,45)",1,"Falls",187171,2459,0.0131377189842444
"[45,50)",0,"Falls",191151,1759,0.00920214908632442
"[45,50)",1,"Falls",206166,3300,0.0160065190186549
"[50,55)",0,"Falls",194439,2126,0.0109340204382866
"[50,55)",1,"Falls",206433,4251,0.0205926378050021
"[55,60)",0,"Falls",179077,2310,0.0128994789950692
"[55,60)",1,"Falls",184234,4952,0.0268788605794804
"[60,65)",0,"Falls",168738,2834,0.0167952684042717
"[60,65)",1,"Falls",172121,5342,0.0310363058546023
"[65,70)",0,"Falls",164562,3640,0.0221193228084248
"[65,70)",1,"Falls",168324,6486,0.0385328295430242
"[70,75)",0,"Falls",133029,4367,0.0328274286057927
"[70,75)",1,"Falls",142086,7827,0.0550863561505004
"[75,80)",0,"Falls",105382,5846,0.0554743694369057
"[75,80)",1,"Falls",120407,10525,0.0874118614366274
"[80,120]",0,"Falls",151396,19323,0.12763216993844
"[80,120]",1,"Falls",233184,40504,0.173699739261699
"[40,45)",0,"Foot problems",172657,101,0.000584974834498456
"[40,45)",1,"Foot problems",187171,99,0.000528928092492961
"[45,50)",0,"Foot problems",191151,98,0.000512683689857756
"[45,50)",1,"Foot problems",206166,168,0.000814877331858793
"[50,55)",0,"Foot problems",194439,149,0.000766307170886499
"[50,55)",1,"Foot problems",206433,192,0.000930083852872361
"[55,60)",0,"Foot problems",179077,167,0.000932559736872965
"[55,60)",1,"Foot problems",184234,209,0.00113442687017597
"[60,65)",0,"Foot problems",168738,229,0.0013571335443113
"[60,65)",1,"Foot problems",172121,253,0.00146989617768895
"[65,70)",0,"Foot problems",164562,297,0.00180479089947862
"[65,70)",1,"Foot problems",168324,259,0.00153869917539982
"[70,75)",0,"Foot problems",133029,323,0.00242804200587842
"[70,75)",1,"Foot problems",142086,302,0.00212547330489985
"[75,80)",0,"Foot problems",105382,275,0.00260955381374428
"[75,80)",1,"Foot problems",120407,342,0.00284036642387901
"[80,120]",0,"Foot problems",151396,592,0.00391027504029169
"[80,120]",1,"Foot problems",233184,881,0.00377813229038013
"[40,45)",0,"Fragility fracture",172657,461,0.00267003365053256
"[40,45)",1,"Fragility fracture",187171,404,0.00215845403401168
"[45,50)",0,"Fragility fracture",191151,525,0.00274651976709512
"[45,50)",1,"Fragility fracture",206166,606,0.00293937894706208
"[50,55)",0,"Fragility fracture",194439,695,0.00357438579708803
"[50,55)",1,"Fragility fracture",206433,1242,0.00601647992326808
"[55,60)",0,"Fragility fracture",179077,802,0.0044785204130067
"[55,60)",1,"Fragility fracture",184234,2035,0.0110457353148713
"[60,65)",0,"Fragility fracture",168738,819,0.00485367848380329
"[60,65)",1,"Fragility fracture",172121,2921,0.0169706195060452
"[65,70)",0,"Fragility fracture",164562,1013,0.00615573461674019
"[65,70)",1,"Fragility fracture",168324,3747,0.0222606401939117
"[70,75)",0,"Fragility fracture",133029,1092,0.00820873644092641
"[70,75)",1,"Fragility fracture",142086,4176,0.0293906507326549
"[75,80)",0,"Fragility fracture",105382,1295,0.0122886261410867
"[75,80)",1,"Fragility fracture",120407,5051,0.0419493883245991
"[80,120]",0,"Fragility fracture",151396,4226,0.0279135512166768
"[80,120]",1,"Fragility fracture",233184,17393,0.0745891656374365
"[40,45)",0,"Hearing impairment",172657,2681,0.0155278963494095
"[40,45)",1,"Hearing impairment",187171,2690,0.0143718845333946
"[45,50)",0,"Hearing impairment",191151,3389,0.0177294390298769
"[45,50)",1,"Hearing impairment",206166,3567,0.0173015919210733
"[50,55)",0,"Hearing impairment",194439,4136,0.021271452743534
"[50,55)",1,"Hearing impairment",206433,4320,0.0209268866896281
"[55,60)",0,"Hearing impairment",179077,5050,0.0282001597078352
"[55,60)",1,"Hearing impairment",184234,4608,0.0250116699414875
"[60,65)",0,"Hearing impairment",168738,6485,0.0384323625976366
"[60,65)",1,"Hearing impairment",172121,5454,0.0316870108818796
"[65,70)",0,"Hearing impairment",164562,8739,0.0531046049513253
"[65,70)",1,"Hearing impairment",168324,6751,0.0401071742591668
"[70,75)",0,"Hearing impairment",133029,8984,0.0675341466898195
"[70,75)",1,"Hearing impairment",142086,7349,0.0517221964162549
"[75,80)",0,"Hearing impairment",105382,8892,0.0843787364065969
"[75,80)",1,"Hearing impairment",120407,8427,0.0699876253041767
"[80,120]",0,"Hearing impairment",151396,16344,0.10795529604481
"[80,120]",1,"Hearing impairment",233184,24382,0.104561204885412
"[40,45)",0,"Heart failure",172657,242,0.00140162287077848
"[40,45)",1,"Heart failure",187171,95,0.000507557260473043
"[45,50)",0,"Heart failure",191151,454,0.0023750856652594
"[45,50)",1,"Heart failure",206166,204,0.000989493902971392
"[50,55)",0,"Heart failure",194439,803,0.00412982992095207
"[50,55)",1,"Heart failure",206433,327,0.00158404906192324
"[55,60)",0,"Heart failure",179077,1336,0.00746047789498372
"[55,60)",1,"Heart failure",184234,481,0.00261081016533322
"[60,65)",0,"Heart failure",168738,1847,0.0109459635648165
"[60,65)",1,"Heart failure",172121,739,0.00429349120676733
"[65,70)",0,"Heart failure",164562,2640,0.0160425857731433
"[65,70)",1,"Heart failure",168324,1112,0.0066063068843421
"[70,75)",0,"Heart failure",133029,3342,0.025122341745033
"[70,75)",1,"Heart failure",142086,1741,0.0122531424630154
"[75,80)",0,"Heart failure",105382,3888,0.0368943462830464
"[75,80)",1,"Heart failure",120407,2499,0.0207546072902738
"[80,120]",0,"Heart failure",151396,8559,0.056533858226109
"[80,120]",1,"Heart failure",233184,8575,0.03677353506244
"[40,45)",0,"Heart valve disease",172657,0,0
"[40,45)",1,"Heart valve disease",187171,0,0
"[45,50)",0,"Heart valve disease",191151,36,0.00018833278402938
"[45,50)",1,"Heart valve disease",206166,25,0.000121261507717082
"[50,55)",0,"Heart valve disease",194439,72,0.000370296082576026
"[50,55)",1,"Heart valve disease",206433,62,0.000300339577490033
"[55,60)",0,"Heart valve disease",179077,142,0.000792954985844078
"[55,60)",1,"Heart valve disease",184234,74,0.000401663102358957
"[60,65)",0,"Heart valve disease",168738,249,0.00147566049141272
"[60,65)",1,"Heart valve disease",172121,159,0.000923768744081199
"[65,70)",0,"Heart valve disease",164562,446,0.00271022471773556
"[65,70)",1,"Heart valve disease",168324,257,0.00152681732848554
"[70,75)",0,"Heart valve disease",133029,629,0.00472829232723692
"[70,75)",1,"Heart valve disease",142086,447,0.00314598201089481
"[75,80)",0,"Heart valve disease",105382,869,0.00824619005143193
"[75,80)",1,"Heart valve disease",120407,605,0.00502462481417193
"[80,120]",0,"Heart valve disease",151396,1849,0.0122130043065867
"[80,120]",1,"Heart valve disease",233184,2281,0.009781974749554
"[40,45)",0,"Housebound",172657,1834,0.0106222163016848
"[40,45)",1,"Housebound",187171,3190,0.0170432385358843
"[45,50)",0,"Housebound",191151,2658,0.0139052372208359
"[45,50)",1,"Housebound",206166,4182,0.0202846250109135
"[50,55)",0,"Housebound",194439,3599,0.0185096611276544
"[50,55)",1,"Housebound",206433,5398,0.0261489199885677
"[55,60)",0,"Housebound",179077,4640,0.0259106417909614
"[55,60)",1,"Housebound",184234,6361,0.0345267431635854
"[60,65)",0,"Housebound",168738,6472,0.0383553200820206
"[60,65)",1,"Housebound",172121,8316,0.0483148482753412
"[65,70)",0,"Housebound",164562,9641,0.0585858217571493
"[65,70)",1,"Housebound",168324,11799,0.0700969558708206
"[70,75)",0,"Housebound",133029,12440,0.0935134444369273
"[70,75)",1,"Housebound",142086,15803,0.111221372971299
"[75,80)",0,"Housebound",105382,16490,0.156478335958703
"[75,80)",1,"Housebound",120407,23107,0.191907447241439
"[80,120]",0,"Housebound",151396,51829,0.342340616660942
"[80,120]",1,"Housebound",233184,106920,0.458522025524907
"[40,45)",0,"Hypertension",172657,6726,0.0389558488795705
"[40,45)",1,"Hypertension",187171,4771,0.0254900598917567
"[45,50)",0,"Hypertension",191151,11905,0.0622806053852713
"[45,50)",1,"Hypertension",206166,8990,0.0436056381750628
"[50,55)",0,"Hypertension",194439,16996,0.0874104474925298
"[50,55)",1,"Hypertension",206433,13368,0.0647570882562381
"[55,60)",0,"Hypertension",179077,19193,0.107177359459897
"[55,60)",1,"Hypertension",184234,14806,0.080365187750361
"[60,65)",0,"Hypertension",168738,20773,0.123108013606894
"[60,65)",1,"Hypertension",172121,16443,0.0955316318171519
"[65,70)",0,"Hypertension",164562,21431,0.130230551403119
"[65,70)",1,"Hypertension",168324,19148,0.113756802357358
"[70,75)",0,"Hypertension",133029,17154,0.128949326838509
"[70,75)",1,"Hypertension",142086,18586,0.130808102135326
"[75,80)",0,"Hypertension",105382,12503,0.118644550302708
"[75,80)",1,"Hypertension",120407,16181,0.134385874575398
"[80,120]",0,"Hypertension",151396,15927,0.105200930011361
"[80,120]",1,"Hypertension",233184,29263,0.125493172773432
"[40,45)",0,"Hypotension / syncope",172657,1603,0.00928430356139629
"[40,45)",1,"Hypotension / syncope",187171,2508,0.0133995116764883
"[45,50)",0,"Hypotension / syncope",191151,1917,0.0100287207495645
"[45,50)",1,"Hypotension / syncope",206166,2857,0.0138577651019082
"[50,55)",0,"Hypotension / syncope",194439,2325,0.0119574776665175
"[50,55)",1,"Hypotension / syncope",206433,3010,0.0145810020684677
"[55,60)",0,"Hypotension / syncope",179077,2596,0.0144965573468396
"[55,60)",1,"Hypotension / syncope",184234,2894,0.0157082840300922
"[60,65)",0,"Hypotension / syncope",168738,3102,0.0183835294954308
"[60,65)",1,"Hypotension / syncope",172121,3047,0.0177026626617322
"[65,70)",0,"Hypotension / syncope",164562,3788,0.0230186798896465
"[65,70)",1,"Hypotension / syncope",168324,3529,0.0209655188802547
"[70,75)",0,"Hypotension / syncope",133029,4205,0.031609649023897
"[70,75)",1,"Hypotension / syncope",142086,4192,0.0295032585898681
"[75,80)",0,"Hypotension / syncope",105382,4853,0.04605150784764
"[75,80)",1,"Hypotension / syncope",120407,4881,0.0405375102776417
"[80,120]",0,"Hypotension / syncope",151396,10214,0.0674654548336812
"[80,120]",1,"Hypotension / syncope",233184,14473,0.0620668656511596
"[40,45)",0,"Ischaemic heart disease",172657,758,0.00439020717376069
"[40,45)",1,"Ischaemic heart disease",187171,222,0.00118608117710543
"[45,50)",0,"Ischaemic heart disease",191151,1869,0.00977761037085864
"[45,50)",1,"Ischaemic heart disease",206166,569,0.00275991191564079
"[50,55)",0,"Ischaemic heart disease",194439,3862,0.0198622704292863
"[50,55)",1,"Ischaemic heart disease",206433,1341,0.00649605440990539
"[55,60)",0,"Ischaemic heart disease",179077,6206,0.0346554833954109
"[55,60)",1,"Ischaemic heart disease",184234,2113,0.0114691099362767
"[60,65)",0,"Ischaemic heart disease",168738,8599,0.050960660906257
"[60,65)",1,"Ischaemic heart disease",172121,3244,0.0188472063257824
"[65,70)",0,"Ischaemic heart disease",164562,11161,0.0678224620507772
"[65,70)",1,"Ischaemic heart disease",168324,4739,0.0281540362633968
"[70,75)",0,"Ischaemic heart disease",133029,12074,0.0907621646407926
"[70,75)",1,"Ischaemic heart disease",142086,6031,0.0424461241783145
"[75,80)",0,"Ischaemic heart disease",105382,12006,0.113928374864778
"[75,80)",1,"Ischaemic heart disease",120407,7316,0.0607605870090609
"[80,120]",0,"Ischaemic heart disease",151396,18888,0.124758910407144
"[80,120]",1,"Ischaemic heart disease",233184,17484,0.0749794153972828
"[40,45)",0,"Memory and cognitive problems",172657,220,0.00127420260979862
"[40,45)",1,"Memory and cognitive problems",187171,233,0.0012448509651602
"[45,50)",0,"Memory and cognitive problems",191151,419,0.00219198434745306
"[45,50)",1,"Memory and cognitive problems",206166,432,0.00209539885335118
"[50,55)",0,"Memory and cognitive problems",194439,614,0.00315780270419
"[50,55)",1,"Memory and cognitive problems",206433,672,0.00325529348505326
"[55,60)",0,"Memory and cognitive problems",179077,959,0.00535523824946811
"[55,60)",1,"Memory and cognitive problems",184234,952,0.00516734153305036
"[60,65)",0,"Memory and cognitive problems",168738,1761,0.0104362976922803
"[60,65)",1,"Memory and cognitive problems",172121,1514,0.0087961376008738
"[65,70)",0,"Memory and cognitive problems",164562,2953,0.0179446044651864
"[65,70)",1,"Memory and cognitive problems",168324,2618,0.0155533376107982
"[70,75)",0,"Memory and cognitive problems",133029,4493,0.0337745905028227
"[70,75)",1,"Memory and cognitive problems",142086,4338,0.0305308052869389
"[75,80)",0,"Memory and cognitive problems",105382,6822,0.0647359131540491
"[75,80)",1,"Memory and cognitive problems",120407,7664,0.0636507844228326
"[80,120]",0,"Memory and cognitive problems",151396,20198,0.133411714972654
"[80,120]",1,"Memory and cognitive problems",233184,40044,0.17172704816797
"[40,45)",0,"Mobility and transfer problems",172657,197,0.00114099051877422
"[40,45)",1,"Mobility and transfer problems",187171,240,0.00128224992119506
"[45,50)",0,"Mobility and transfer problems",191151,310,0.00162175452914188
"[45,50)",1,"Mobility and transfer problems",206166,403,0.00195473550439937
"[50,55)",0,"Mobility and transfer problems",194439,476,0.00244806854591929
"[50,55)",1,"Mobility and transfer problems",206433,572,0.00277087481168224
"[55,60)",0,"Mobility and transfer problems",179077,674,0.00376374408773879
"[55,60)",1,"Mobility and transfer problems",184234,739,0.00401120314382796
"[60,65)",0,"Mobility and transfer problems",168738,974,0.00577226232383932
"[60,65)",1,"Mobility and transfer problems",172121,1022,0.00593768337390557
"[65,70)",0,"Mobility and transfer problems",164562,1298,0.00788760467179543
"[65,70)",1,"Mobility and transfer problems",168324,1309,0.00777666880539911
"[70,75)",0,"Mobility and transfer problems",133029,1543,0.0115989746596607
"[70,75)",1,"Mobility and transfer problems",142086,1742,0.0122601804540912
"[75,80)",0,"Mobility and transfer problems",105382,2209,0.0209618340893132
"[75,80)",1,"Mobility and transfer problems",120407,2819,0.0234122600845466
"[80,120]",0,"Mobility and transfer problems",151396,6478,0.0427884488361648
"[80,120]",1,"Mobility and transfer problems",233184,11335,0.0486096816248113
"[40,45)",0,"Osteoporosis",172657,231,0.00133791274028855
"[40,45)",1,"Osteoporosis",187171,717,0.00383072163957023
"[45,50)",0,"Osteoporosis",191151,329,0.00172115238737961
"[45,50)",1,"Osteoporosis",206166,1390,0.00674213982906978
"[50,55)",0,"Osteoporosis",194439,550,0.00282865063078909
"[50,55)",1,"Osteoporosis",206433,2850,0.0138059321910741
"[55,60)",0,"Osteoporosis",179077,797,0.00445059946280092
"[55,60)",1,"Osteoporosis",184234,4808,0.026097245893809
"[60,65)",0,"Osteoporosis",168738,1168,0.00692197371072313
"[60,65)",1,"Osteoporosis",172121,7126,0.0414011073605196
"[65,70)",0,"Osteoporosis",164562,1470,0.00893280344186386
"[65,70)",1,"Osteoporosis",168324,9096,0.0540386397661653
"[70,75)",0,"Osteoporosis",133029,1680,0.0126288252937329
"[70,75)",1,"Osteoporosis",142086,9217,0.0648691637459004
"[75,80)",0,"Osteoporosis",105382,1722,0.0163405515173369
"[75,80)",1,"Osteoporosis",120407,8982,0.0745969918692435
"[80,120]",0,"Osteoporosis",151396,3434,0.0226822373114217
"[80,120]",1,"Osteoporosis",233184,16884,0.0724063400576369
"[40,45)",0,"Parkinsonism and tremor",172657,355,0.00205609966581141
"[40,45)",1,"Parkinsonism and tremor",187171,574,0.00306671439485818
"[45,50)",0,"Parkinsonism and tremor",191151,507,0.00265235337508043
"[45,50)",1,"Parkinsonism and tremor",206166,672,0.00325950932743517
"[50,55)",0,"Parkinsonism and tremor",194439,662,0.00340466675924069
"[50,55)",1,"Parkinsonism and tremor",206433,771,0.00373486797169057
"[55,60)",0,"Parkinsonism and tremor",179077,877,0.00489733466609336
"[55,60)",1,"Parkinsonism and tremor",184234,865,0.00469511599379051
"[60,65)",0,"Parkinsonism and tremor",168738,1241,0.00735459706764333
"[60,65)",1,"Parkinsonism and tremor",172121,1091,0.00633856414963892
"[65,70)",0,"Parkinsonism and tremor",164562,1757,0.0106768269709897
"[65,70)",1,"Parkinsonism and tremor",168324,1584,0.00941042275611321
"[70,75)",0,"Parkinsonism and tremor",133029,2104,0.0158161002488179
"[70,75)",1,"Parkinsonism and tremor",142086,1815,0.0127739538026266
"[75,80)",0,"Parkinsonism and tremor",105382,2383,0.0226129699569186
"[75,80)",1,"Parkinsonism and tremor",120407,2132,0.0177066117418423
"[80,120]",0,"Parkinsonism and tremor",151396,3746,0.0247430579407646
"[80,120]",1,"Parkinsonism and tremor",233184,4134,0.0177284890901606
"[40,45)",0,"Peptic ulcer",172657,194,0.0011236150286406
"[40,45)",1,"Peptic ulcer",187171,140,0.000747979120697117
"[45,50)",0,"Peptic ulcer",191151,270,0.00141249588022035
"[45,50)",1,"Peptic ulcer",206166,227,0.00110105449007111
"[50,55)",0,"Peptic ulcer",194439,320,0.00164576036700456
"[50,55)",1,"Peptic ulcer",206433,254,0.00123042343036239
"[55,60)",0,"Peptic ulcer",179077,390,0.00217783411605064
"[55,60)",1,"Peptic ulcer",184234,283,0.00153608997253493
"[60,65)",0,"Peptic ulcer",168738,477,0.00282686768836895
"[60,65)",1,"Peptic ulcer",172121,366,0.00212641107128125
"[65,70)",0,"Peptic ulcer",164562,519,0.00315382652131112
"[65,70)",1,"Peptic ulcer",168324,395,0.00234666476557116
"[70,75)",0,"Peptic ulcer",133029,518,0.00389388779890099
"[70,75)",1,"Peptic ulcer",142086,429,0.00301929817152992
"[75,80)",0,"Peptic ulcer",105382,598,0.00567459338406939
"[75,80)",1,"Peptic ulcer",120407,489,0.00406122567624806
"[80,120]",0,"Peptic ulcer",151396,1064,0.00702792676160533
"[80,120]",1,"Peptic ulcer",233184,1031,0.00442140112529161
"[40,45)",0,"Peripheral vascular disease",172657,112,0.000648684964988387
"[40,45)",1,"Peripheral vascular disease",187171,114,0.000609068712567652
"[45,50)",0,"Peripheral vascular disease",191151,282,0.00147527347489681
"[45,50)",1,"Peripheral vascular disease",206166,252,0.00122231599778819
"[50,55)",0,"Peripheral vascular disease",194439,625,0.00321437571680578
"[50,55)",1,"Peripheral vascular disease",206433,446,0.00216050728323475
"[55,60)",0,"Peripheral vascular disease",179077,987,0.00551159557062046
"[55,60)",1,"Peripheral vascular disease",184234,639,0.00346841516766721
"[60,65)",0,"Peripheral vascular disease",168738,1373,0.00813687491851272
"[60,65)",1,"Peripheral vascular disease",172121,844,0.00490352716983982
"[65,70)",0,"Peripheral vascular disease",164562,1943,0.011807100059552
"[65,70)",1,"Peripheral vascular disease",168324,1141,0.00677859366459922
"[70,75)",0,"Peripheral vascular disease",133029,2086,0.0156807914063851
"[70,75)",1,"Peripheral vascular disease",142086,1422,0.0100080233098264
"[75,80)",0,"Peripheral vascular disease",105382,1968,0.0186749160198136
"[75,80)",1,"Peripheral vascular disease",120407,1630,0.0135374189208269
"[80,120]",0,"Peripheral vascular disease",151396,3164,0.0208988348437211
"[80,120]",1,"Peripheral vascular disease",233184,3679,0.0157772402909291
"[40,45)",0,"Polypharmacy",172657,46,0.000266424182048802
"[40,45)",1,"Polypharmacy",187171,74,0.000395360392368476
"[45,50)",0,"Polypharmacy",191151,102,0.00053360955474991
"[45,50)",1,"Polypharmacy",206166,121,0.000586905697350679
"[50,55)",0,"Polypharmacy",194439,150,0.000771450172033388
"[50,55)",1,"Polypharmacy",206433,187,0.000905862919203809
"[55,60)",0,"Polypharmacy",179077,208,0.00116151152856034
"[55,60)",1,"Polypharmacy",184234,262,0.00142210449754117
"[60,65)",0,"Polypharmacy",168738,277,0.00164159821735472
"[60,65)",1,"Polypharmacy",172121,314,0.00182429802290249
"[65,70)",0,"Polypharmacy",164562,369,0.00224231596601889
"[65,70)",1,"Polypharmacy",168324,403,0.0023941921532283
"[70,75)",0,"Polypharmacy",133029,504,0.00378864758811988
"[70,75)",1,"Polypharmacy",142086,497,0.00349788156468618
"[75,80)",0,"Polypharmacy",105382,602,0.00571255053045112
"[75,80)",1,"Polypharmacy",120407,689,0.00572225867266853
"[80,120]",0,"Polypharmacy",151396,1584,0.0104626278105102
"[80,120]",1,"Polypharmacy",233184,2890,0.0123936462192946
"[40,45)",0,"Requirement for care",172657,634,0.00367202024823784
"[40,45)",1,"Requirement for care",187171,472,0.00252175817835028
"[45,50)",0,"Requirement for care",191151,775,0.00405438632285471
"[45,50)",1,"Requirement for care",206166,606,0.00293937894706208
"[50,55)",0,"Requirement for care",194439,864,0.00444355299091232
"[50,55)",1,"Requirement for care",206433,714,0.00345874932786909
"[55,60)",0,"Requirement for care",179077,766,0.0042774895715251
"[55,60)",1,"Requirement for care",184234,770,0.00417946741643779
"[60,65)",0,"Requirement for care",168738,851,0.00504332159916557
"[60,65)",1,"Requirement for care",172121,799,0.0046420831856659
"[65,70)",0,"Requirement for care",164562,1047,0.00636234367593977
"[65,70)",1,"Requirement for care",168324,1008,0.00598845084479932
"[70,75)",0,"Requirement for care",133029,1174,0.00882514338978719
"[70,75)",1,"Requirement for care",142086,1167,0.00821333558549048
"[75,80)",0,"Requirement for care",105382,1530,0.0145186084910136
"[75,80)",1,"Requirement for care",120407,1843,0.0153064190620147
"[80,120]",0,"Requirement for care",151396,5433,0.035886020766731
"[80,120]",1,"Requirement for care",233184,13042,0.055930080966104
"[40,45)",0,"Respiratory disease",172657,14691,0.085087775184325
"[40,45)",1,"Respiratory disease",187171,19359,0.103429484268396
"[45,50)",0,"Respiratory disease",191151,16730,0.0875224299114313
"[45,50)",1,"Respiratory disease",206166,22356,0.108436890660924
"[50,55)",0,"Respiratory disease",194439,17532,0.0901670961072624
"[50,55)",1,"Respiratory disease",206433,23597,0.11430827435536
"[55,60)",0,"Respiratory disease",179077,17785,0.0993148198819502
"[55,60)",1,"Respiratory disease",184234,23066,0.125199474581239
"[60,65)",0,"Respiratory disease",168738,19657,0.116494209958634
"[60,65)",1,"Respiratory disease",172121,24529,0.142510210840049
"[65,70)",0,"Respiratory disease",164562,22812,0.138622525248842
"[65,70)",1,"Respiratory disease",168324,26506,0.157470117155011
"[70,75)",0,"Respiratory disease",133029,21984,0.165257199557991
"[70,75)",1,"Respiratory disease",142086,25134,0.176892867699844
"[75,80)",0,"Respiratory disease",105382,19496,0.185003131464577
"[75,80)",1,"Respiratory disease",120407,22493,0.186808075942429
"[80,120]",0,"Respiratory disease",151396,27152,0.179344236307432
"[80,120]",1,"Respiratory disease",233184,36011,0.15443169342665
"[40,45)",0,"Skin ulcer",172657,469,0.00271636829088887
"[40,45)",1,"Skin ulcer",187171,363,0.00193940300580752
"[45,50)",0,"Skin ulcer",191151,640,0.00334813838274453
"[45,50)",1,"Skin ulcer",206166,546,0.00264835132854108
"[50,55)",0,"Skin ulcer",194439,953,0.00490128009298546
"[50,55)",1,"Skin ulcer",206433,694,0.00336186559319489
"[55,60)",0,"Skin ulcer",179077,1201,0.00670661223942773
"[55,60)",1,"Skin ulcer",184234,855,0.00464083719617443
"[60,65)",0,"Skin ulcer",168738,1626,0.00963624079934573
"[60,65)",1,"Skin ulcer",172121,1170,0.00679754358852203
"[65,70)",0,"Skin ulcer",164562,2064,0.0125423852408211
"[65,70)",1,"Skin ulcer",168324,1587,0.00942824552648464
"[70,75)",0,"Skin ulcer",133029,2248,0.0168985709882808
"[70,75)",1,"Skin ulcer",142086,2165,0.0152372506791661
"[75,80)",0,"Skin ulcer",105382,2680,0.0254312880757625
"[75,80)",1,"Skin ulcer",120407,2961,0.0245915935120051
"[80,120]",0,"Skin ulcer",151396,6714,0.0443472746968216
"[80,120]",1,"Skin ulcer",233184,12029,0.0515858721010018
"[40,45)",0,"Sleep disturbance",172657,4190,0.0242677678866191
"[40,45)",1,"Sleep disturbance",187171,5733,0.0306297449925469
"[45,50)",0,"Sleep disturbance",191151,4723,0.02470821497141
"[45,50)",1,"Sleep disturbance",206166,6838,0.0331674475907764
"[50,55)",0,"Sleep disturbance",194439,4599,0.0236526622745437
"[50,55)",1,"Sleep disturbance",206433,7518,0.0364185958640334
"[55,60)",0,"Sleep disturbance",179077,4326,0.0241572061180386
"[55,60)",1,"Sleep disturbance",184234,6724,0.036497063517049
"[60,65)",0,"Sleep disturbance",168738,4061,0.024066896608944
"[60,65)",1,"Sleep disturbance",172121,5830,0.0338715206163106
"[65,70)",0,"Sleep disturbance",164562,4113,0.024993619426113
"[65,70)",1,"Sleep disturbance",168324,5698,0.0338513818587961
"[70,75)",0,"Sleep disturbance",133029,3629,0.0272797660660457
"[70,75)",1,"Sleep disturbance",142086,5036,0.0354433230578664
"[75,80)",0,"Sleep disturbance",105382,3631,0.03445559962802
"[75,80)",1,"Sleep disturbance",120407,4899,0.0406870032473195
"[80,120]",0,"Sleep disturbance",151396,6064,0.0400538983856905
"[80,120]",1,"Sleep disturbance",233184,9817,0.0420998010155071
"[40,45)",0,"Social vulnerability",172657,612,0.00354459998725797
"[40,45)",1,"Social vulnerability",187171,950,0.00507557260473043
"[45,50)",0,"Social vulnerability",191151,789,0.00412762684997724
"[45,50)",1,"Social vulnerability",206166,1009,0.00489411445146144
"[50,55)",0,"Social vulnerability",194439,954,0.00490642309413235
"[50,55)",1,"Social vulnerability",206433,1151,0.00557565893050045
"[55,60)",0,"Social vulnerability",179077,986,0.0055060113805793
"[55,60)",1,"Social vulnerability",184234,1178,0.00639404235917366
"[60,65)",0,"Social vulnerability",168738,1060,0.00628192819637545
"[60,65)",1,"Social vulnerability",172121,1352,0.00785493925784768
"[65,70)",0,"Social vulnerability",164562,1342,0.00815498110134782
"[65,70)",1,"Social vulnerability",168324,1572,0.0093391316746275
"[70,75)",0,"Social vulnerability",133029,1419,0.0106668470784566
"[70,75)",1,"Social vulnerability",142086,1782,0.0125417000971243
"[75,80)",0,"Social vulnerability",105382,1612,0.0152967299918392
"[75,80)",1,"Social vulnerability",120407,2295,0.0190603536339249
"[80,120]",0,"Social vulnerability",151396,4439,0.0293204576078628
"[80,120]",1,"Social vulnerability",233184,8152,0.0349595169479896
"[40,45)",0,"Thyroid disease",172657,1079,0.00624938461805777
"[40,45)",1,"Thyroid disease",187171,4925,0.0263128369245236
"[45,50)",0,"Thyroid disease",191151,1450,0.00758562602340558
"[45,50)",1,"Thyroid disease",206166,6474,0.0314018800384156
"[50,55)",0,"Thyroid disease",194439,1820,0.00936026208733844
"[50,55)",1,"Thyroid disease",206433,7689,0.0372469517954978
"[55,60)",0,"Thyroid disease",179077,1866,0.0104200986167961
"[55,60)",1,"Thyroid disease",184234,8065,0.0437758502773647
"[60,65)",0,"Thyroid disease",168738,2179,0.0129135108867001
"[60,65)",1,"Thyroid disease",172121,8192,0.0475944248522841
"[65,70)",0,"Thyroid disease",164562,2329,0.0141527205551707
"[65,70)",1,"Thyroid disease",168324,8430,0.0500819847437086
"[70,75)",0,"Thyroid disease",133029,2309,0.0173571176209699
"[70,75)",1,"Thyroid disease",142086,7455,0.0524682234702926
"[75,80)",0,"Thyroid disease",105382,2209,0.0209618340893132
"[75,80)",1,"Thyroid disease",120407,6573,0.0545898494273589
"[80,120]",0,"Thyroid disease",151396,4166,0.0275172395571878
"[80,120]",1,"Thyroid disease",233184,13048,0.0559558117195005
"[40,45)",0,"Urinary incontinence",172657,216,0.00125103528962046
"[40,45)",1,"Urinary incontinence",187171,3641,0.01945279984613
"[45,50)",0,"Urinary incontinence",191151,308,0.00161129159669581
"[45,50)",1,"Urinary incontinence",206166,5006,0.0242814043052686
"[50,55)",0,"Urinary incontinence",194439,404,0.00207777246334326
"[50,55)",1,"Urinary incontinence",206433,5113,0.0247683267694603
"[55,60)",0,"Urinary incontinence",179077,501,0.0027976792106189
"[55,60)",1,"Urinary incontinence",184234,4246,0.0230467774677855
"[60,65)",0,"Urinary incontinence",168738,686,0.00406547428557883
"[60,65)",1,"Urinary incontinence",172121,3985,0.0231523172651797
"[65,70)",0,"Urinary incontinence",164562,983,0.00597343250568175
"[65,70)",1,"Urinary incontinence",168324,4207,0.0249934649841971
"[70,75)",0,"Urinary incontinence",133029,1160,0.00871990317900608
"[70,75)",1,"Urinary incontinence",142086,4103,0.0288768773841195
"[75,80)",0,"Urinary incontinence",105382,1552,0.0147273727961132
"[75,80)",1,"Urinary incontinence",120407,4383,0.0364015381165547
"[80,120]",0,"Urinary incontinence",151396,4401,0.0290694602235198
"[80,120]",1,"Urinary incontinence",233184,10694,0.0458607794702896
"[40,45)",0,"Urinary system disease",172657,5606,0.0324689992296866
"[40,45)",1,"Urinary system disease",187171,7689,0.0410800818502866
"[45,50)",0,"Urinary system disease",191151,7440,0.0389221086994052
"[45,50)",1,"Urinary system disease",206166,8324,0.0403752316094797
"[50,55)",0,"Urinary system disease",194439,9478,0.0487453648702164
"[50,55)",1,"Urinary system disease",206433,8839,0.0428177665392646
"[55,60)",0,"Urinary system disease",179077,12010,0.0670661223942773
"[55,60)",1,"Urinary system disease",184234,8614,0.0467557562664872
"[60,65)",0,"Urinary system disease",168738,15368,0.0910761061527338
"[60,65)",1,"Urinary system disease",172121,8599,0.0499590404424794
"[65,70)",0,"Urinary system disease",164562,19715,0.119802870650575
"[65,70)",1,"Urinary system disease",168324,9877,0.0586785009861933
"[70,75)",0,"Urinary system disease",133029,19444,0.146163618459133
"[70,75)",1,"Urinary system disease",142086,9644,0.0678743859352786
"[75,80)",0,"Urinary system disease",105382,17987,0.170683797992067
"[75,80)",1,"Urinary system disease",120407,9657,0.0802029782321626
"[80,120]",0,"Urinary system disease",151396,28816,0.190335279663928
"[80,120]",1,"Urinary system disease",233184,18919,0.0811333539179361
"[40,45)",0,"Visual impairment",172657,1779,0.0103036656492352
"[40,45)",1,"Visual impairment",187171,2381,0.012720987759856
"[45,50)",0,"Visual impairment",191151,2839,0.0148521326072058
"[45,50)",1,"Visual impairment",206166,3276,0.0158901079712465
"[50,55)",0,"Visual impairment",194439,3666,0.018854242204496
"[50,55)",1,"Visual impairment",206433,4080,0.0197642818735377
"[55,60)",0,"Visual impairment",179077,4297,0.0239952646068451
"[55,60)",1,"Visual impairment",184234,4896,0.0265748993128304
"[60,65)",0,"Visual impairment",168738,5883,0.0348647014898837
"[60,65)",1,"Visual impairment",172121,6528,0.0379268073041639
"[65,70)",0,"Visual impairment",164562,7971,0.0484376709082291
"[65,70)",1,"Visual impairment",168324,8958,0.0532187923290796
"[70,75)",0,"Visual impairment",133029,9013,0.0677521442692947
"[70,75)",1,"Visual impairment",142086,10762,0.0757428599580536
"[75,80)",0,"Visual impairment",105382,10543,0.100045548575658
"[75,80)",1,"Visual impairment",120407,13329,0.110699544046442
"[80,120]",0,"Visual impairment",151396,21927,0.144832095960263
"[80,120]",1,"Visual impairment",233184,34823,0.149337004254151
"[40,45)",0,"Weight loss and anorexia",172657,1090,0.0063130947485477
"[40,45)",1,"Weight loss and anorexia",187171,1303,0.00696154853048816
"[45,50)",0,"Weight loss and anorexia",191151,1405,0.00735021004336885
"[45,50)",1,"Weight loss and anorexia",206166,1638,0.00794505398562324
"[50,55)",0,"Weight loss and anorexia",194439,1662,0.00854766790612994
"[50,55)",1,"Weight loss and anorexia",206433,1748,0.00846763841052545
"[55,60)",0,"Weight loss and anorexia",179077,1789,0.00999011598362715
"[55,60)",1,"Weight loss and anorexia",184234,1833,0.00994930360302659
"[60,65)",0,"Weight loss and anorexia",168738,1953,0.011574156384454
"[60,65)",1,"Weight loss and anorexia",172121,2053,0.0119276555446459
"[65,70)",0,"Weight loss and anorexia",164562,2423,0.0147239338364872
"[65,70)",1,"Weight loss and anorexia",168324,2455,0.014584967087284
"[70,75)",0,"Weight loss and anorexia",133029,2589,0.019461921836592
"[70,75)",1,"Weight loss and anorexia",142086,2849,0.020051236575032
"[75,80)",0,"Weight loss and anorexia",105382,3227,0.0306219278434647
"[75,80)",1,"Weight loss and anorexia",120407,3623,0.0300896127301569
"[80,120]",0,"Weight loss and anorexia",151396,6526,0.043105498163756
"[80,120]",1,"Weight loss and anorexia",233184,10659,0.0457106834088102
