age_group,n,prefrail,frail,fi,source,lb,meas,sex,n_frail,n_prefrail,n_robust,robust,country
"[40,45)",14626,0.05442362915356214,0.008272938602488721,efi,All of Us,1-year lookback,no,All,121.00000000000004,795.9999999999999,13709,0.9373034322439492,US
"[40,45)",14626,0.11418022699302646,0.046219061944482415,vafi,All of Us,1-year lookback,no,All,675.9999999999998,1670.000000000005,12279.999999999995,0.8396007110624911,US
"[45,50)",15913,0.080814428454722545,0.014767799912021599,efi,All of Us,1-year lookback,no,All,234.9999999999997,1285.9999999999998,14392,0.9044177716332559,US
"[45,50)",15913,0.13580091748884562,0.07302205743731538,vafi,All of Us,1-year lookback,no,All,1161.9999999999995,2161.0000000000005,12590,0.791177025073839,US
"[50,55)",19613,0.09763932085861418,0.02121042165910364,efi,All of Us,1-year lookback,no,All,415.9999999999997,1915,17282,0.8811502574822822,US
"[50,55)",19613,0.15510120838219582,0.08815581502064959,vafi,All of Us,1-year lookback,no,All,1729.0000000000005,3042.000000000007,14841.999999999993,0.7567429765971546,US
"[55,60)",23709,0.11674891391454725,0.02577080433590623,efi,All of Us,1-year lookback,no,All,611.0000000000008,2768.000000000001,20330,0.8574802817495466,US
"[55,60)",23709,0.16850141296554033,0.1017335189168668,vafi,All of Us,1-year lookback,no,All,2411.999999999995,3994.9999999999955,17302.00000000001,0.7297650681175929,US
"[60,65)",23922,0.1389515926761977,0.03273137697516931,efi,All of Us,1-year lookback,no,All,783.0000000000002,3324.000000000001,19815,0.828317030348633,US
"[60,65)",23922,0.18995067302065038,0.11859376306328925,vafi,All of Us,1-year lookback,no,All,2837.0000000000055,4543.999999999998,16540.999999999996,0.6914555639160603,US
"[65,70)",22783,0.1657376113769037,0.03739630426194969,efi,All of Us,1-year lookback,no,All,851.9999999999998,3775.9999999999973,18155.000000000004,0.7968660843611466,US
"[65,70)",22783,0.21125400517930026,0.13448623974015725,vafi,All of Us,1-year lookback,no,All,3064.0000000000027,4812.999999999998,14906,0.6542597550805425,US
"[70,75)",19039,0.19806712537423213,0.04742896160512633,efi,All of Us,1-year lookback,no,All,903.0000000000002,3771.0000000000055,14364.999999999995,0.7545039130206416,US
"[70,75)",19039,0.23940333000682795,0.15515520773149843,vafi,All of Us,1-year lookback,no,All,2953.9999999999986,4557.999999999997,11527.000000000005,0.6054414622616737,US
"[75,80)",11535,0.22514087559601237,0.056610316428261843,efi,All of Us,1-year lookback,no,All,653.0000000000003,2597.0000000000027,8284.999999999998,0.7182488079757259,US
"[75,80)",11535,0.2548764629388815,0.1825747724317294,vafi,All of Us,1-year lookback,no,All,2105.9999999999986,2939.999999999998,6489.000000000004,0.5625487646293892,US
"[80,120]",8581,0.26407178650506935,0.08845122946043586,efi,All of Us,1-year lookback,no,All,759.0000000000001,2266,5556,0.6474769840344948,US
"[80,120]",8581,0.2632560307656448,0.24402750262207207,vafi,All of Us,1-year lookback,no,All,2094.0000000000005,2258.999999999998,4228.000000000002,0.4927164666122832,US
"[40,45)",9944,0.0584271922767498,0.00784392598551891,efi,All of Us,1-year lookback,no,Female,78.00000000000003,581,9285,0.9337288817377313,US
"[40,45)",9944,0.123089300080451,0.0476669348350764,vafi,All of Us,1-year lookback,no,Female,473.9999999999997,1224.0000000000048,8245.999999999995,0.8292437650844725,US
"[45,50)",10419,0.0812937901909972,0.0134369901142144,efi,All of Us,1-year lookback,no,Female,139.99999999999983,846.9999999999998,9432,0.9052692196947884,US
"[45,50)",10419,0.140320568192725,0.0759189941453114,vafi,All of Us,1-year lookback,no,Female,790.9999999999995,1462.0000000000018,8165.999999999998,0.7837604376619636,US
"[50,55)",12562,0.100541315077217,0.0194236586530807,efi,All of Us,1-year lookback,no,Female,243.99999999999977,1263,11055,0.8800350262697023,US
"[50,55)",12562,0.164066231491801,0.0911479063843337,vafi,All of Us,1-year lookback,no,Female,1145,2061.000000000004,9355.999999999996,0.7447858621238653,US
"[55,60)",14769,0.119710203805268,0.0249847653869592,efi,All of Us,1-year lookback,no,Female,369.0000000000004,1768.0000000000032,12631.999999999996,0.8553050308077728,US
"[55,60)",14769,0.175164195273884,0.104746428329609,vafi,All of Us,1-year lookback,no,Female,1546.9999999999952,2586.9999999999927,10635.000000000013,0.720089376396507,US
"[60,65)",14518,0.140790742526519,0.0301005648160904,efi,All of Us,1-year lookback,no,Female,437.0000000000004,2044.0000000000027,12036.999999999996,0.8291086926573906,US
"[60,65)",14518,0.195688111310098,0.120608899297424,vafi,All of Us,1-year lookback,no,Female,1751.0000000000016,2841.0000000000027,9925.999999999996,0.6837029893924781,US
"[65,70)",13734,0.164118246687054,0.036697247706422,efi,All of Us,1-year lookback,no,Female,503.9999999999997,2253.9999999999995,10976,0.799184505606524,US
"[65,70)",13734,0.211955730304354,0.138415610892675,vafi,All of Us,1-year lookback,no,Female,1900.9999999999986,2910.9999999999977,8922.000000000004,0.649628658802971,US
"[70,75)",10854,0.201492537313433,0.0476322093237516,efi,All of Us,1-year lookback,no,Female,516.9999999999999,2187.000000000002,8149.999999999998,0.7508752533628154,US
"[70,75)",10854,0.239358761746821,0.165100423806891,vafi,All of Us,1-year lookback,no,Female,1791.9999999999948,2597.999999999995,6464.000000000011,0.595540814446288,US
"[75,80)",6307,0.222451244648803,0.0564452195972729,efi,All of Us,1-year lookback,no,Female,356.00000000000017,1403.0000000000005,4548,0.7211035357539242,US
"[75,80)",6307,0.256064690026954,0.189154907245917,vafi,All of Us,1-year lookback,no,Female,1192.9999999999984,1614.9999999999986,3499.000000000003,0.5547804027271291,US
"[80,120]",4551,0.266754559437486,0.0925071412876291,efi,All of Us,1-year lookback,no,Female,421.00000000000006,1213.9999999999989,2916.000000000001,0.6407382992748848,US
"[80,120]",4551,0.256866622720281,0.255328499230938,vafi,All of Us,1-year lookback,no,Female,1161.9999999999986,1168.9999999999989,2220.0000000000027,0.4878048780487811,US
"[40,45)",4682,0.0459205467748825,0.00918410935497651,efi,All of Us,1-year lookback,no,Male,43.000000000000014,214.99999999999986,4424,0.944895343870141,US
"[40,45)",4682,0.0952584365655703,0.0431439555745408,vafi,All of Us,1-year lookback,no,Male,202.00000000000003,446.00000000000017,4034,0.8615976078598889,US
"[45,50)",5494,0.0799053512923189,0.017291590826356,efi,All of Us,1-year lookback,no,Male,94.99999999999986,439.00000000000006,4960,0.9028030578813251,US
"[45,50)",5494,0.127229705132872,0.0675282125955588,vafi,All of Us,1-year lookback,no,Male,371.00000000000006,698.9999999999987,4424.000000000001,0.8052420822715691,US
"[50,55)",7051,0.092469153311587,0.0243937030208481,efi,All of Us,1-year lookback,no,Male,171.99999999999994,652,6227,0.8831371436675649,US
"[50,55)",7051,0.139129201531698,0.0828251311870657,vafi,All of Us,1-year lookback,no,Male,584.0000000000003,981.0000000000026,5485.999999999997,0.7780456672812364,US
"[55,60)",8940,0.111856823266219,0.0270693512304251,efi,All of Us,1-year lookback,no,Male,242.0000000000004,999.9999999999978,7698.000000000002,0.8610738255033559,US
"[55,60)",8940,0.157494407158837,0.0967561521252796,vafi,All of Us,1-year lookback,no,Male,864.9999999999997,1408.0000000000027,6666.999999999997,0.7457494407158833,US
"[60,65)",9404,0.136112292641429,0.0367928541046363,efi,All of Us,1-year lookback,no,Male,345.9999999999998,1279.9999999999982,7778.000000000002,0.8270948532539347,US
"[60,65)",9404,0.181093151850276,0.115482773287963,vafi,All of Us,1-year lookback,no,Male,1086.000000000004,1702.9999999999955,6615.000000000001,0.7034240748617611,US
"[65,70)",9049,0.16819538070505,0.0384572880981324,efi,All of Us,1-year lookback,no,Male,348.00000000000006,1521.9999999999975,7179.000000000003,0.7933473311968177,US
"[65,70)",9049,0.210188971157034,0.128522488672782,vafi,All of Us,1-year lookback,no,Male,1163.000000000004,1902.0000000000007,5983.999999999995,0.661288540170184,US
"[70,75)",8185,0.193524740378742,0.0471594379963348,efi,All of Us,1-year lookback,no,Male,386.00000000000034,1584.0000000000034,6214.999999999996,0.7593158216249232,US
"[70,75)",8185,0.239462431276726,0.141967012828345,vafi,All of Us,1-year lookback,no,Male,1162.0000000000039,1960.0000000000023,5062.9999999999945,0.618570555894929,US
"[75,80)",5228,0.228385615914308,0.0568094873756695,efi,All of Us,1-year lookback,no,Male,297.00000000000017,1194.0000000000023,3736.9999999999977,0.7148048967100226,US
"[75,80)",5228,0.253442999234889,0.174636572302984,vafi,All of Us,1-year lookback,no,Male,913.0000000000003,1324.9999999999998,2990,0.571920428462127,US
"[80,120]",4030,0.261042183622829,0.0838709677419355,efi,All of Us,1-year lookback,no,Male,338.00000000000006,1052.000000000001,2639.999999999999,0.6550868486352355,US
"[80,120]",4030,0.270471464019851,0.231265508684864,vafi,All of Us,1-year lookback,no,Male,932.0000000000019,1089.9999999999995,2007.9999999999986,0.49826302729528504,US
"[40,45)",105426,0.0011287538178437922,0,vafi,IMRD - EMIS,1-year lookback,no,All,0,118.99999999999963,105307,0.9988712461821562,UK
"[40,45)",105426,0.005093620169597631,1.2330924060477972e-4,vafi,IMRD - EMIS,3-year lookback,no,All,12.999999999999508,536.9999999999999,104876,0.9947830705897975,UK
"[40,45)",105426,0.002077286437880601,1.8970652400733164e-5,efi,IMRD - EMIS,1-year lookback,no,All,1.9999999999996947,219.00000000000023,105205,0.9979037429097186,UK
"[40,45)",105426,0.008138409879915784,1.9919185020772078e-4,efi,IMRD - EMIS,3-year lookback,no,All,20.999999999999172,858.0000000000014,104547,0.9916623982698765,UK
"[40,45)",105426,0.003120672319921085,2.8455978601096206e-5,efi,IMRD - EMIS,1-year lookback,yes,All,2.9999999999991687,329.0000000000003,105094,0.9968508717014778,UK
"[40,45)",105426,0.011344450135640156,2.8455978601103803e-4,efi,IMRD - EMIS,3-year lookback,yes,All,29.999999999999694,1195.999999999999,104200,0.9883709900783488,UK
"[45,50)",105775,0.0022216969983455443,0,vafi,IMRD - EMIS,1-year lookback,no,All,0,234.99999999999994,105540,0.9977783030016545,UK
"[45,50)",105775,0.009766012762940177,1.9853462538406506e-4,vafi,IMRD - EMIS,3-year lookback,no,All,20.99999999999948,1032.9999999999973,104721,0.9900354526116757,UK
"[45,50)",105775,0.004868825336799807,3.781611912076969e-5,efi,IMRD - EMIS,1-year lookback,no,All,3.999999999999414,514.9999999999995,105256,0.9950933585440794,UK
"[45,50)",105775,0.016695816591822274,5.199716379106538e-4,efi,IMRD - EMIS,3-year lookback,no,All,54.9999999999994,1766.000000000001,103954,0.9827842117702671,UK
"[45,50)",105775,0.007014890096903807,5.672417868115677e-5,efi,IMRD - EMIS,1-year lookback,yes,All,5.999999999999358,742.0000000000002,105027,0.992928385724415,UK
"[45,50)",105775,0.02193334909004965,7.941385015362783e-4,efi,IMRD - EMIS,3-year lookback,yes,All,83.99999999999984,2320.000000000002,103371,0.9772725124084141,UK
"[50,55)",109520,0.003889700511322131,3.6523009495979214e-5,vafi,IMRD - EMIS,1-year lookback,no,All,3.9999999999996434,425.99999999999983,109090,0.9960737764791819,UK
"[50,55)",109520,0.014737034331628924,5.295836376917383e-4,vafi,IMRD - EMIS,3-year lookback,no,All,57.999999999999176,1613.9999999999998,107848,0.9847333820306793,UK
"[50,55)",109520,0.008418553688823955,1.643535427319169e-4,efi,IMRD - EMIS,1-year lookback,no,All,17.999999999999538,921.9999999999995,108580,0.9914170927684441,UK
"[50,55)",109520,0.026944850255661068,0.0012509130752374014,efi,IMRD - EMIS,3-year lookback,no,All,137.0000000000002,2951,106432,0.9718042366691015,UK
"[50,55)",109520,0.011596055514974401,2.3739956172388378e-4,efi,IMRD - EMIS,1-year lookback,yes,All,25.99999999999975,1269.9999999999964,108224,0.9881665449233017,UK
"[50,55)",109520,0.03411249086924763,0.0018535427319211072,efi,IMRD - EMIS,3-year lookback,yes,All,202.99999999999966,3736.0000000000005,105581,0.9640339663988312,UK
"[55,60)",99193,0.00532295625699394,8.065085237869308e-5,vafi,IMRD - EMIS,1-year lookback,no,All,7.999999999999703,527.9999999999999,98657,0.9945963928906274,UK
"[55,60)",99193,0.02208825219521535,8.871593761656514e-4,vafi,IMRD - EMIS,3-year lookback,no,All,87.99999999999946,2190.9999999999964,96914,0.977024588428619,UK
"[55,60)",99193,0.015001058542437452,4.0325426189347796e-4,efi,IMRD - EMIS,1-year lookback,no,All,39.99999999999976,1487.9999999999982,97665,0.984595687195669,UK
"[55,60)",99193,0.043007067030939664,0.0023287933624348495,efi,IMRD - EMIS,3-year lookback,no,All,231.00000000000003,4265.999999999998,94696,0.9546641396066254,UK
"[55,60)",99193,0.02018287580776871,6.048813928402144e-4,efi,IMRD - EMIS,1-year lookback,yes,All,59.99999999999938,2002.0000000000016,97131,0.9792122427993911,UK
"[55,60)",99193,0.054439325355619836,0.003629288357041326,efi,IMRD - EMIS,3-year lookback,yes,All,360.0000000000002,5399.999999999998,93433,0.9419313862873389,UK
"[60,65)",89493,0.00950912361860706,2.2348116612471745e-4,vafi,IMRD - EMIS,1-year lookback,no,All,19.99999999999934,851.0000000000016,88622,0.9902673952152682,UK
"[60,65)",89493,0.03270646866235347,0.0016314125127104935,vafi,IMRD - EMIS,3-year lookback,no,All,146.0000000000002,2926.999999999999,86420,0.965662118824936,UK
"[60,65)",89493,0.02797984199881555,8.604024895801842e-4,efi,IMRD - EMIS,1-year lookback,no,All,76.99999999999943,2504,86912,0.9711597555116043,UK
"[60,65)",89493,0.07194976143385515,0.005207111170706089,efi,IMRD - EMIS,3-year lookback,no,All,466.00000000000006,6438.999999999999,82588,0.9228431273954387,UK
"[60,65)",89493,0.03594694557116201,0.0013297129384421103,efi,IMRD - EMIS,1-year lookback,yes,All,118.99999999999977,3217.000000000002,86157,0.9627233414903958,UK
"[60,65)",89493,0.08568267909221951,0.007877711105896551,efi,IMRD - EMIS,3-year lookback,yes,All,705,7668,81120,0.906439609801884,UK
"[65,70)",83563,0.015616959659179286,5.265488314206031e-4,vafi,IMRD - EMIS,1-year lookback,no,All,43.99999999999986,1304.9999999999986,82214,0.9838564915094001,UK
"[65,70)",83563,0.049794765625934934,0.0032669961585869304,vafi,IMRD - EMIS,3-year lookback,no,All,272.99999999999966,4161.000000000001,79129,0.9469382382154782,UK
"[65,70)",83563,0.046384165240596915,0.0018788219666598836,efi,IMRD - EMIS,1-year lookback,no,All,156.99999999999986,3876,79530,0.9517370127927433,UK
"[65,70)",83563,0.11041968335268008,0.010375405382765096,efi,IMRD - EMIS,3-year lookback,no,All,866.9999999999998,9227.000000000005,73469,0.8792049112645549,UK
"[65,70)",83563,0.05910510632696289,0.002812249440541864,efi,IMRD - EMIS,1-year lookback,yes,All,234.99999999999977,4939,78389,0.9380826442324952,UK
"[65,70)",83563,0.12817873939422927,0.015234015054509772,efi,IMRD - EMIS,3-year lookback,yes,All,1273,10710.999999999982,71579.00000000003,0.8565872455512611,UK
"[70,75)",73321,0.026145306256052155,0.0012411178243613714,vafi,IMRD - EMIS,1-year lookback,no,All,91.00000000000011,1917,71313,0.9726135759195865,UK
"[70,75)",73321,0.07735846483272187,0.006178311806985722,vafi,IMRD - EMIS,3-year lookback,no,All,453.0000000000001,5672,67196,0.9164632233602924,UK
"[70,75)",73321,0.07651286807326688,0.004541672917717981,efi,IMRD - EMIS,1-year lookback,no,All,333.00000000000006,5610.000000000001,67378,0.9189454590090151,UK
"[70,75)",73321,0.16502775466783035,0.023281188199833613,efi,IMRD - EMIS,3-year lookback,no,All,1707.0000000000002,12099.999999999989,59514.000000000015,0.8116910571323361,UK
"[70,75)",73321,0.09481594631824442,0.0065601942144815255,efi,IMRD - EMIS,1-year lookback,yes,All,480.99999999999994,6951.999999999999,65888,0.8986238594672741,UK
"[70,75)",73321,0.18869082527516012,0.03153257593322515,efi,IMRD - EMIS,3-year lookback,yes,All,2312.0000000000014,13835.000000000015,57173.999999999985,0.7797765987916148,UK
"[75,80)",60635,0.04431433990269647,0.0020285313762678308,vafi,IMRD - EMIS,1-year lookback,no,All,122.99999999999993,2687.0000000000005,57825,0.9536571287210357,UK
"[75,80)",60635,0.12317968170198727,0.012913333883070838,vafi,IMRD - EMIS,3-year lookback,no,All,783.0000000000002,7468.999999999998,52383,0.8639069844149418,UK
"[75,80)",60635,0.12908386245567716,0.00986229075616395,efi,IMRD - EMIS,1-year lookback,no,All,598.0000000000011,7826.999999999984,52210.000000000015,0.8610538467881589,UK
"[75,80)",60635,0.24759627277974786,0.04756328852972707,efi,IMRD - EMIS,3-year lookback,no,All,2884.000000000001,15013.000000000011,42737.999999999985,0.704840438690525,UK
"[75,80)",60635,0.1566257112228912,0.014645007009153117,efi,IMRD - EMIS,1-year lookback,yes,All,887.9999999999993,9497.00000000001,50249.99999999999,0.8287292817679557,UK
"[75,80)",60635,0.2755669167972294,0.06253813803908632,efi,IMRD - EMIS,3-year lookback,yes,All,3791.999999999999,16709.000000000004,40134,0.6618949451636843,UK
"[80,120]",105529,0.07531578997242468,0.004387419571871239,vafi,IMRD - EMIS,1-year lookback,no,All,463,7948.000000000004,97118,0.9202967904557041,UK
"[80,120]",105529,0.19653365425617605,0.02748059775038139,vafi,IMRD - EMIS,3-year lookback,no,All,2899.9999999999977,20740.000000000004,81889,0.7759857479934426,UK
"[80,120]",105529,0.2112973684958635,0.025177913180263228,efi,IMRD - EMIS,1-year lookback,no,All,2656.999999999998,22297.999999999978,80574.00000000001,0.7635247183238731,UK
"[80,120]",105529,0.3627059860322756,0.11100266277516121,efi,IMRD - EMIS,3-year lookback,no,All,11713.999999999987,38276.000000000015,55538.999999999985,0.5262913511925631,UK
"[80,120]",105529,0.2508883813927928,0.035213069393247344,efi,IMRD - EMIS,1-year lookback,yes,All,3715.999999999999,26476.000000000033,75336.99999999997,0.7138985492139599,UK
"[80,120]",105529,0.38874622141780946,0.1422926399378373,efi,IMRD - EMIS,3-year lookback,yes,All,15016.000000000033,41024.000000000015,49488.999999999956,0.4689611386443533,UK
"[40,45)",50353,0.00137032550195619,0,vafi,IMRD - EMIS,1-year lookback,no,Female,0,69.00000000000004,50284,0.9986296744980439,UK
"[40,45)",50353,0.00708994498838202,1.9859789883423e-4,vafi,IMRD - EMIS,3-year lookback,no,Female,9.999999999999984,356.9999999999999,49986,0.9927114571127837,UK
"[40,45)",50353,0.00287966953309634,3.971957976684e-5,efi,IMRD - EMIS,1-year lookback,no,Female,1.9999999999996947,145.00000000000003,50206,0.9970806108871368,UK
"[40,45)",50353,0.0116179770818025,2.5817726848449e-4,efi,IMRD - EMIS,3-year lookback,no,Female,12.999999999999526,585.0000000000013,49755,0.988123845649713,UK
"[40,45)",50353,0.00428971461481938,3.971957976684e-5,efi,IMRD - EMIS,1-year lookback,yes,Female,1.9999999999996947,216.00000000000026,50135,0.9956705658054138,UK
"[40,45)",50353,0.0157090937977876,3.3761642801819e-4,efi,IMRD - EMIS,3-year lookback,yes,Female,16.999999999999922,790.9999999999991,49545,0.9839532897741942,UK
"[45,50)",51196,0.00300804750371123,0,vafi,IMRD - EMIS,1-year lookback,no,Female,0,154.00000000000014,51042,0.9969919524962888,UK
"[45,50)",51196,0.0133213532307211,3.1252441596999e-4,vafi,IMRD - EMIS,3-year lookback,no,Female,15.99999999999961,681.9999999999974,50498,0.9863661223533089,UK
"[45,50)",51196,0.00609422611141495,5.859832799437e-5,efi,IMRD - EMIS,1-year lookback,no,Female,2.999999999999767,311.9999999999998,50881,0.9938471755605907,UK
"[45,50)",51196,0.0216227830299242,7.8131103992499e-4,efi,IMRD - EMIS,3-year lookback,no,Female,39.99999999999979,1106.9999999999993,50049,0.9775959059301508,UK
"[45,50)",51196,0.00851629033518244,7.813110399249e-5,efi,IMRD - EMIS,1-year lookback,yes,Female,3.9999999999995177,436.0000000000002,50756,0.9914055785608251,UK
"[45,50)",51196,0.0280490663333073,0.00109383545589499,efi,IMRD - EMIS,3-year lookback,yes,Female,55.99999999999991,1436.0000000000005,49704,0.9708570982107977,UK
"[50,55)",53152,0.00472230583985551,7.525586995785e-5,vafi,IMRD - EMIS,1-year lookback,no,Female,3.9999999999996434,251.00000000000009,52897,0.9952024382901866,UK
"[50,55)",53152,0.0187387116195063,7.1493076459963e-4,vafi,IMRD - EMIS,3-year lookback,no,Female,37.99999999999954,995.9999999999987,52118,0.980546357615894,UK
"[50,55)",53152,0.00961393738711619,2.4458157736303e-4,efi,IMRD - EMIS,1-year lookback,no,Female,12.99999999999977,510.9999999999997,52628,0.9901414810355208,UK
"[50,55)",53152,0.0330185129440096,0.00159918723660446,efi,IMRD - EMIS,3-year lookback,no,Female,85.00000000000026,1754.9999999999982,51312,0.965382299819386,UK
"[50,55)",53152,0.012849939795304,3.1983744732089e-4,efi,IMRD - EMIS,1-year lookback,yes,Female,16.999999999999947,682.9999999999982,52452,0.9868302227573751,UK
"[50,55)",53152,0.0410708910295003,0.00212597832630945,efi,IMRD - EMIS,3-year lookback,yes,Female,112.99999999999989,2183,50856,0.9568031306441902,UK
"[55,60)",47543,0.00620490924005637,1.2620154386555e-4,vafi,IMRD - EMIS,1-year lookback,no,Female,5.999999999999844,295,47242,0.9936688892160781,UK
"[55,60)",47543,0.0264812906211219,0.00109374671350146,vafi,IMRD - EMIS,3-year lookback,no,Female,51.999999999999915,1258.9999999999986,46232,0.9724249626653766,UK
"[55,60)",47543,0.0166165366089645,5.0480617546221e-4,efi,IMRD - EMIS,1-year lookback,no,Female,23.99999999999985,789.9999999999993,46729,0.9828786572155733,UK
"[55,60)",47543,0.0488399974759691,0.00275540037439791,efi,IMRD - EMIS,3-year lookback,no,Female,130.99999999999983,2321.999999999999,45090,0.948404602149633,UK
"[55,60)",47543,0.0213280609132785,6.7307490061628e-4,efi,IMRD - EMIS,1-year lookback,yes,Female,31.999999999999797,1013.9999999999998,46497,0.9779988641861052,UK
"[55,60)",47543,0.0590623225290789,0.004143617356919,efi,IMRD - EMIS,3-year lookback,yes,Female,197.00000000000003,2807.999999999998,44538,0.936794060114002,UK
"[60,65)",43308,0.0102752378313476,3.001754872079e-4,vafi,IMRD - EMIS,1-year lookback,no,Female,12.999999999999734,445.0000000000019,42850,0.9894245866814445,UK
"[60,65)",43308,0.0363674147963425,0.00207813798836243,vafi,IMRD - EMIS,3-year lookback,no,Female,90.00000000000011,1575.000000000001,41643,0.9615544472152951,UK
"[60,65)",43308,0.0281241341091715,7.8507435115913e-4,efi,IMRD - EMIS,1-year lookback,no,Female,33.9999999999996,1217.9999999999993,42056,0.9710907915396694,UK
"[60,65)",43308,0.0756904036205782,0.00528770665927773,efi,IMRD - EMIS,3-year lookback,no,Female,228.99999999999994,3278.000000000001,39801,0.9190218897201441,UK
"[60,65)",43308,0.0350281703149534,0.00122379237092454,efi,IMRD - EMIS,1-year lookback,yes,Female,52.99999999999998,1517.0000000000018,41738,0.9637480373141221,UK
"[60,65)",43308,0.0884132261937748,0.0075736584464764,efi,IMRD - EMIS,3-year lookback,yes,Female,327.99999999999994,3828.999999999999,39151,0.9040131153597488,UK
"[65,70)",40959,0.016455479870114,4.8829317122e-4,vafi,IMRD - EMIS,1-year lookback,no,Female,19.99999999999998,673.9999999999993,40265,0.983056226958666,UK
"[65,70)",40959,0.0525891745403941,0.003588954808467,vafi,IMRD - EMIS,3-year lookback,no,Female,146.99999999999986,2154.000000000002,38658,0.943821870651139,UK
"[65,70)",40959,0.046094875363168,0.001757855416392,efi,IMRD - EMIS,1-year lookback,no,Female,71.99999999999993,1887.9999999999982,38999,0.9521472692204399,UK
"[65,70)",40959,0.111648233599453,0.010156497961376,efi,IMRD - EMIS,3-year lookback,no,Female,415.9999999999996,4572.999999999995,35970.00000000001,0.8781952684391711,UK
"[65,70)",40959,0.0562269586659831,0.002270563246173,efi,IMRD - EMIS,1-year lookback,yes,Female,92.99999999999991,2303.000000000002,38563,0.9415024780878439,UK
"[65,70)",40959,0.127151541785688,0.014697624453722,efi,IMRD - EMIS,3-year lookback,yes,Female,601.9999999999994,5207.9999999999945,35149.00000000001,0.85815083376059,UK
"[70,75)",37263,0.0268094356332018,0.00139548613906556,vafi,IMRD - EMIS,1-year lookback,no,Female,51.999999999999964,998.9999999999986,36212,0.9717950782277326,UK
"[70,75)",37263,0.0795158736548319,0.00719212087056866,vafi,IMRD - EMIS,3-year lookback,no,Female,268,2963.000000000001,34032,0.9132920054745994,UK
"[70,75)",37263,0.0738265840109492,0.00442798486434265,efi,IMRD - EMIS,1-year lookback,no,Female,165.00000000000017,2751,34347,0.9217454311247082,UK
"[70,75)",37263,0.161876392131605,0.0234012291012533,efi,IMRD - EMIS,3-year lookback,no,Female,872.0000000000017,6031.999999999997,30359.000000000004,0.8147223787671418,UK
"[70,75)",37263,0.0894452942597214,0.00582347100340821,efi,IMRD - EMIS,1-year lookback,yes,Female,217.0000000000001,3332.9999999999986,33713,0.9047312347368703,UK
"[70,75)",37263,0.182593994042348,0.0300297882618147,efi,IMRD - EMIS,3-year lookback,yes,Female,1119.0000000000011,6804.000000000014,29339.999999999985,0.7873762176958373,UK
"[75,80)",31636,0.0458338601593122,0.00205462131748641,vafi,IMRD - EMIS,1-year lookback,no,Female,65.00000000000007,1450.0000000000007,30121,0.9521115185232014,UK
"[75,80)",31636,0.128208370211152,0.0135921102541409,vafi,IMRD - EMIS,3-year lookback,no,Female,430.00000000000153,4056.0000000000045,27149.999999999996,0.8581995195347072,UK
"[75,80)",31636,0.12643823492224,0.00960930585409028,efi,IMRD - EMIS,1-year lookback,no,Female,304.0000000000001,3999.999999999984,27332.000000000015,0.8639524592236697,UK
"[75,80)",31636,0.249020103679353,0.0469085851561512,efi,IMRD - EMIS,3-year lookback,no,Female,1483.9999999999993,7878.000000000012,22273.99999999999,0.7040713111644958,UK
"[75,80)",31636,0.14897585029713,0.0132444051081047,efi,IMRD - EMIS,1-year lookback,yes,Female,419.0000000000003,4713.000000000005,26503.999999999996,0.8377797445947653,UK
"[75,80)",31636,0.271873814641548,0.059425970413453,efi,IMRD - EMIS,3-year lookback,yes,Female,1879.999999999999,8601.000000000011,21154.99999999999,0.668700214944999,UK
"[80,120]",62998,0.0780342233086765,0.0046509412997238,vafi,IMRD - EMIS,1-year lookback,no,Female,292.99999999999994,4916.000000000002,57789,0.9173148353915997,UK
"[80,120]",62998,0.203308041525128,0.0294136321787993,vafi,IMRD - EMIS,3-year lookback,no,Female,1852.9999999999984,12808.000000000013,48336.999999999985,0.7672783262960726,UK
"[80,120]",62998,0.212260706689101,0.0259690783834407,efi,IMRD - EMIS,1-year lookback,no,Female,1635.999999999997,13371.999999999984,47990.000000000015,0.7617702149274582,UK
"[80,120]",62998,0.367805327153243,0.115813200419061,efi,IMRD - EMIS,3-year lookback,no,Female,7296.000000000005,23171.000000000004,32530.99999999999,0.5163814724276959,UK
"[80,120]",62998,0.245436363059145,0.0341598145972888,efi,IMRD - EMIS,1-year lookback,yes,Female,2151.9999999999995,15462.000000000018,45383.999999999985,0.7204038223435663,UK
"[80,120]",62998,0.389758405028731,0.143893456935141,efi,IMRD - EMIS,3-year lookback,yes,Female,9065.000000000013,24553.999999999996,29378.99999999999,0.46634813803612796,UK
"[40,45)",55073,9.0788589690047e-4,0,vafi,IMRD - EMIS,1-year lookback,no,Male,0,49.99999999999959,55023,0.9990921141030995,UK
"[40,45)",55073,0.00326838922884172,5.447315381402e-5,vafi,IMRD - EMIS,3-year lookback,no,Male,2.9999999999995235,180.00000000000003,54890,0.9966771376173442,UK
"[40,45)",55073,0.00134367112741271,0,efi,IMRD - EMIS,1-year lookback,no,Male,0,74.00000000000018,54999,0.9986563288725873,UK
"[40,45)",55073,0.00495705699707661,1.4526174350407e-4,efi,IMRD - EMIS,3-year lookback,no,Male,7.9999999999996465,273.00000000000017,54792,0.9948976812594194,UK
"[40,45)",55073,0.00205182212699508,1.8157717938e-5,efi,IMRD - EMIS,1-year lookback,yes,Male,0.999999999999474,113.00000000000003,54959,0.9979300201550669,UK
"[40,45)",55073,0.00735387576489387,2.3605033319412e-4,efi,IMRD - EMIS,3-year lookback,yes,Male,12.99999999999977,405.0000000000001,54655,0.992410073901912,UK
"[45,50)",54579,0.00148408728631891,0,vafi,IMRD - EMIS,1-year lookback,no,Male,0,80.99999999999979,54498,0.9985159127136811,UK
"[45,50)",54579,0.00643104490738196,9.161032631598e-5,vafi,IMRD - EMIS,3-year lookback,no,Male,4.999999999999872,351,54223,0.993477344766302,UK
"[45,50)",54579,0.00371937924842888,1.832206526319e-5,efi,IMRD - EMIS,1-year lookback,no,Male,0.999999999999647,202.99999999999983,54375,0.9962622986863079,UK
"[45,50)",54579,0.0120742410084465,2.7483097894794e-4,efi,IMRD - EMIS,3-year lookback,no,Male,14.999999999999618,659.0000000000015,53905,0.9876509280126056,UK
"[45,50)",54579,0.00560655197053812,3.664413052639e-5,efi,IMRD - EMIS,1-year lookback,yes,Male,1.99999999999984,306.00000000000006,54271,0.9943568038989354,UK
"[45,50)",54579,0.0161967056926657,5.130178273695e-4,efi,IMRD - EMIS,3-year lookback,yes,Male,27.99999999999994,884.0000000000014,53667,0.9832902764799648,UK
"[50,55)",56368,0.00310459835367584,0,vafi,IMRD - EMIS,1-year lookback,no,Male,0,174.99999999999974,56193,0.9968954016463242,UK
"[50,55)",56368,0.010963667328981,3.5481124042009e-4,vafi,IMRD - EMIS,3-year lookback,no,Male,19.999999999999634,618.000000000001,55730,0.988681521430599,UK
"[50,55)",56368,0.00729137099063298,8.870281010502e-5,efi,IMRD - EMIS,1-year lookback,no,Male,4.999999999999767,410.99999999999983,55952,0.992619926199262,UK
"[50,55)",56368,0.0212177121771218,9.2250922509225e-4,efi,IMRD - EMIS,3-year lookback,no,Male,51.99999999999995,1196.0000000000016,55120,0.977859778597786,UK
"[50,55)",56368,0.0104137099063298,1.5966505818904e-4,efi,IMRD - EMIS,1-year lookback,yes,Male,8.999999999999806,586.9999999999982,55772,0.9894266250354812,UK
"[50,55)",56368,0.0275510928186205,0.00159665058189043,efi,IMRD - EMIS,3-year lookback,yes,Male,89.99999999999976,1553.0000000000005,54725,0.970852256599489,UK
"[55,60)",51650,0.00451113262342691,3.872216844143e-5,vafi,IMRD - EMIS,1-year lookback,no,Male,1.9999999999998594,232.99999999999991,51415,0.9954501452081317,UK
"[55,60)",51650,0.0180445304937076,6.9699903194578e-4,vafi,IMRD - EMIS,3-year lookback,no,Male,35.99999999999954,931.9999999999975,50682,0.9812584704743466,UK
"[55,60)",51650,0.01351403678606,3.0977734753146e-4,efi,IMRD - EMIS,1-year lookback,no,Male,15.99999999999991,697.999999999999,50936,0.9861761858664085,UK
"[55,60)",51650,0.0376379477250726,0.00193610842207164,efi,IMRD - EMIS,3-year lookback,no,Male,100.0000000000002,1943.9999999999995,49606,0.9604259438528557,UK
"[55,60)",51650,0.0191287512100678,5.4211035818005e-4,efi,IMRD - EMIS,1-year lookback,yes,Male,27.999999999999584,988.0000000000018,50634,0.9803291384317522,UK
"[55,60)",51650,0.0501839303000968,0.00315585672797677,efi,IMRD - EMIS,3-year lookback,yes,Male,163.00000000000017,2592,48895,0.9466602129719264,UK
"[60,65)",46185,0.00879073292194435,1.5156436072317e-4,vafi,IMRD - EMIS,1-year lookback,no,Male,6.9999999999996065,405.9999999999998,45772,0.9910577027173325,UK
"[60,65)",46185,0.0292735736711053,0.00121251488578543,vafi,IMRD - EMIS,3-year lookback,no,Male,56.000000000000085,1351.9999999999984,44777,0.9695139114431093,UK
"[60,65)",46185,0.0278445382700011,9.3103821587095e-4,efi,IMRD - EMIS,1-year lookback,no,Male,42.99999999999983,1286.000000000001,44856,0.971224423514128,UK
"[60,65)",46185,0.068442134892281,0.00513153621305619,efi,IMRD - EMIS,3-year lookback,no,Male,237.0000000000001,3160.999999999998,42787,0.9264263288946628,UK
"[60,65)",46185,0.0368084876042005,0.00142903540110425,efi,IMRD - EMIS,1-year lookback,yes,Male,65.99999999999979,1700.0000000000002,44419,0.9617624769946952,UK
"[60,65)",46185,0.0831222258308975,0.00816282342751976,efi,IMRD - EMIS,3-year lookback,yes,Male,377.0000000000001,3839.000000000001,41969,0.9087149507415828,UK
"[65,70)",42604,0.0148108158858323,5.633273870998e-4,vafi,IMRD - EMIS,1-year lookback,no,Male,23.99999999999988,630.9999999999993,41949,0.9846258567270679,UK
"[65,70)",42604,0.047108252746221,0.00295746878227396,vafi,IMRD - EMIS,3-year lookback,no,Male,125.99999999999979,2006.9999999999993,40471,0.949934278471505,UK
"[65,70)",42604,0.0466622852314337,0.0019951178293118,efi,IMRD - EMIS,1-year lookback,no,Male,84.99999999999993,1988.0000000000016,40531,0.9513425969392545,UK
"[65,70)",42604,0.109238569148437,0.0105858604825838,efi,IMRD - EMIS,3-year lookback,no,Male,451.0000000000002,4654.00000000001,37498.99999999999,0.8801755703689793,UK
"[65,70)",42604,0.0618721246831283,0.00333302037367383,efi,IMRD - EMIS,1-year lookback,yes,Male,141.99999999999986,2635.999999999998,39826,0.9347948549431978,UK
"[65,70)",42604,0.129166275467092,0.015749694864332,efi,IMRD - EMIS,3-year lookback,yes,Male,671.0000000000006,5502.999999999987,36430.000000000015,0.8550840296685761,UK
"[70,75)",36058,0.0254589827500139,0.00108159077042543,vafi,IMRD - EMIS,1-year lookback,no,Male,39.000000000000156,918.0000000000013,35101,0.9734594264795607,UK
"[70,75)",36058,0.0751289588995507,0.00513062288535138,vafi,IMRD - EMIS,3-year lookback,no,Male,185.00000000000009,2708.999999999999,33164,0.9197404182150979,UK
"[70,75)",36058,0.079288923401187,0.0046591602418326,efi,IMRD - EMIS,1-year lookback,no,Male,167.9999999999999,2859.000000000001,33031,0.9160519163569805,UK
"[70,75)",36058,0.168284430639525,0.0231571357257751,efi,IMRD - EMIS,3-year lookback,no,Male,834.9999999999985,6067.999999999993,29155.000000000007,0.8085584336346998,UK
"[70,75)",36058,0.100366076876144,0.0073215375228798,efi,IMRD - EMIS,1-year lookback,yes,Male,263.99999999999983,3619.0000000000005,32175,0.8923123856009763,UK
"[70,75)",36058,0.19499140274003,0.033085584336347,efi,IMRD - EMIS,3-year lookback,yes,Male,1193.0000000000002,7031.000000000002,27834,0.7719230129236231,UK
"[75,80)",28999,0.0426566433325287,0.00200006896789544,vafi,IMRD - EMIS,1-year lookback,no,Male,57.99999999999986,1236.9999999999998,27704,0.9553432876995759,UK
"[75,80)",28999,0.11769371357633,0.0121728335459843,vafi,IMRD - EMIS,3-year lookback,no,Male,352.99999999999875,3412.9999999999936,25233.000000000007,0.8701334528776857,UK
"[75,80)",28999,0.131970067933377,0.0101382806303666,efi,IMRD - EMIS,1-year lookback,no,Male,294.000000000001,3827,24878,0.8578916514362565,UK
"[75,80)",28999,0.246042966998862,0.0482775268112694,efi,IMRD - EMIS,3-year lookback,no,Male,1400.0000000000014,7134.999999999999,20464,0.7056795061898686,UK
"[75,80)",28999,0.164971205903652,0.0161729714817752,efi,IMRD - EMIS,1-year lookback,yes,Male,468.99999999999903,4784.000000000005,23745.999999999996,0.8188558226145728,UK
"[75,80)",28999,0.279595848132694,0.065933308045105,efi,IMRD - EMIS,3-year lookback,yes,Male,1911.9999999999998,8107.999999999994,18979.000000000007,0.654470843822201,UK
"[80,120]",42531,0.0712891773059651,0.00399708447955609,vafi,IMRD - EMIS,1-year lookback,no,Male,170.00000000000006,3032.0000000000014,39329,0.9247137382144789,UK
"[80,120]",42531,0.186499259363758,0.0246173379417366,vafi,IMRD - EMIS,3-year lookback,no,Male,1046.9999999999993,7931.999999999991,33552.00000000001,0.7888834026945054,UK
"[80,120]",42531,0.209870447438339,0.024006019138981,efi,IMRD - EMIS,1-year lookback,no,Male,1021.0000000000009,8925.999999999996,32584.000000000004,0.76612353342268,UK
"[80,120]",42531,0.355152712139381,0.103877171945169,efi,IMRD - EMIS,3-year lookback,no,Male,4417.999999999983,15105.000000000013,23008,0.5409701159154499,UK
"[80,120]",42531,0.258964049751946,0.036773177211916,efi,IMRD - EMIS,1-year lookback,yes,Male,1563.9999999999995,11014.000000000015,29952.999999999985,0.704262773036138,UK
"[80,120]",42531,0.387246949284052,0.139921469046108,efi,IMRD - EMIS,3-year lookback,yes,Male,5951.000000000019,16470.000000000015,20109.999999999964,0.47283158166983996,UK
"[40,45)",353147,2.4069296921677583e-4,0,vafi,IMRD - THIN,1-year lookback,no,All,0,84.99999999999673,353062,0.9997593070307832,UK
"[40,45)",353147,0.0029562759983802747,3.681186588020631e-5,vafi,IMRD - THIN,3-year lookback,no,All,12.999999999997218,1043.9999999999989,352090,0.9970069121357396,UK
"[40,45)",353147,0.0014554845432638546,8.495045972351288e-6,efi,IMRD - THIN,1-year lookback,no,All,2.9999999999979403,514.0000000000005,352630,0.9985360204107638,UK
"[40,45)",353147,0.007937204620172326,1.7556428342871235e-4,efi,IMRD - THIN,3-year lookback,no,All,61.999999999999474,2802.9999999999964,350282,0.991887231096399,UK
"[40,45)",353147,0.0022795040025824958,8.495045972351288e-6,efi,IMRD - THIN,1-year lookback,yes,All,2.9999999999979403,805.0000000000006,352339,0.9977120009514452,UK
"[40,45)",353147,0.010754728201004132,2.8599988106935235e-4,efi,IMRD - THIN,3-year lookback,yes,All,100.99999999999858,3798.0000000000064,349248,0.9889592719179265,UK
"[45,50)",390736,3.9924655010031563e-4,0,vafi,IMRD - THIN,1-year lookback,no,All,0,155.99999999999693,390580,0.9996007534498996,UK
"[45,50)",390736,0.004117869866098849,6.142254616927338e-5,vafi,IMRD - THIN,3-year lookback,no,All,23.9999999999972,1608.9999999999995,389103,0.9958207075877319,UK
"[45,50)",390736,0.002533680029482822,1.535563654231215e-5,efi,IMRD - THIN,1-year lookback,no,All,5.999999999996881,989.9999999999999,389740,0.9974509643339748,UK
"[45,50)",390736,0.01272470414806929,3.301461856598778e-4,efi,IMRD - THIN,3-year lookback,no,All,128.999999999998,4972.000000000002,385635,0.9869451496662708,UK
"[45,50)",390736,0.003964313500675649,2.8152000327579822e-5,efi,IMRD - THIN,1-year lookback,yes,All,10.999999999997229,1549.0000000000005,389176,0.9960075344989968,UK
"[45,50)",390736,0.017226464927726122,5.169730969247753e-4,efi,IMRD - THIN,3-year lookback,yes,All,201.99999999999898,6730.9999999999945,383803,0.982256561975349,UK
"[50,55)",395711,6.216658116655785e-4,1.2635483976940998e-5,vafi,IMRD - THIN,1-year lookback,no,All,4.999999999999299,245.99999999999773,395460,0.9993656987043574,UK
"[50,55)",395711,0.0064238800538777025,1.4151742054175498e-4,vafi,IMRD - THIN,3-year lookback,no,All,55.99999999999841,2541.9999999999995,393113,0.9934346025255806,UK
"[50,55)",395711,0.004629641329151831,4.548774231699222e-5,efi,IMRD - THIN,1-year lookback,no,All,17.999999999999307,1832.0000000000002,393861,0.9953248709285312,UK
"[50,55)",395711,0.020565513720872078,7.227496834811209e-4,efi,IMRD - THIN,3-year lookback,no,All,285.99999999999784,8138.000000000011,387287,0.9787117365956468,UK
"[50,55)",395711,0.0071339942533818895,8.339419424781608e-5,efi,IMRD - THIN,1-year lookback,yes,All,32.99999999999755,2823.000000000001,392855,0.9927826115523702,UK
"[50,55)",395711,0.027365931197262668,0.0011296122675386827,efi,IMRD - THIN,3-year lookback,yes,All,446.99999999999966,10829.000000000007,384435,0.9715044565351987,UK
"[55,60)",359165,9.27150474016119e-4,0,vafi,IMRD - THIN,1-year lookback,no,All,0,332.9999999999994,358832,0.9990728495259839,UK
"[55,60)",359165,0.008929043754263358,2.199546169587718e-4,vafi,IMRD - THIN,3-year lookback,no,All,78.99999999999727,3206.999999999999,355879,0.9908510016287778,UK
"[55,60)",359165,0.008466860635084153,9.744824801970863e-5,efi,IMRD - THIN,1-year lookback,no,All,34.99999999999865,3041,356089,0.9914356911168961,UK
"[55,60)",359165,0.03406233903637603,0.001433881363718629,efi,IMRD - THIN,3-year lookback,no,All,515.0000000000014,12233.999999999998,346416,0.9645037795999053,UK
"[55,60)",359165,0.012481728453496314,1.6705413946235603e-4,efi,IMRD - THIN,1-year lookback,yes,All,59.9999999999971,4483.000000000004,354622,0.9873512174070413,UK
"[55,60)",359165,0.04379881113137413,0.0022440939401110883,efi,IMRD - THIN,3-year lookback,yes,All,805.9999999999991,15730.999999999989,342628,0.9539570949285148,UK
"[60,65)",336935,0.0013622805585647062,1.1871726000557219e-5,vafi,IMRD - THIN,1-year lookback,no,All,3.9999999999977462,458.9999999999993,336472,0.9986258477154347,UK
"[60,65)",336935,0.012429697122590434,3.798952320180435e-4,vafi,IMRD - THIN,3-year lookback,no,All,127.99999999999949,4188.000000000008,332619,0.9871904076453916,UK
"[60,65)",336935,0.014332141214180744,2.225948625105692e-4,efi,IMRD - THIN,1-year lookback,no,All,74.99999999999864,4828.999999999989,332031,0.9854452639233087,UK
"[60,65)",336935,0.054310178521079736,0.0027868876786323773,efi,IMRD - THIN,3-year lookback,no,All,939.0000000000001,18299,317697,0.9429029338002879,UK
"[60,65)",336935,0.021205870568507302,3.977028210188876e-4,efi,IMRD - THIN,1-year lookback,yes,All,133.9999999999989,7145.000000000007,329656,0.9783964266104739,UK
"[60,65)",336935,0.06874916526926561,0.004333179990205825,efi,IMRD - THIN,3-year lookback,yes,All,1459.9999999999995,23164.000000000007,312311,0.9269176547405286,UK
"[65,70)",328897,0.0018546839892124324,1.5202327780427342e-5,vafi,IMRD - THIN,1-year lookback,no,All,4.999999999999211,610.0000000000014,328282,0.9981301136830072,UK
"[65,70)",328897,0.017978272833136227,5.928907834367538e-4,vafi,IMRD - THIN,3-year lookback,no,All,194.999999999998,5913.0000000000055,322789,0.981428836383427,UK
"[65,70)",328897,0.024621690073184013,4.317461089641968e-4,efi,IMRD - THIN,1-year lookback,no,All,141.99999999999744,8098.000000000002,320657,0.9749465638178518,UK
"[65,70)",328897,0.08293173850780029,0.005475878466510793,efi,IMRD - THIN,3-year lookback,no,All,1801.0000000000002,27275.999999999993,299820,0.9115923830256889,UK
"[65,70)",328897,0.035476152108410854,8.239661656992888e-4,efi,IMRD - THIN,1-year lookback,yes,All,270.999999999999,11668.000000000004,316958,0.9636998817258898,UK
"[65,70)",328897,0.10246368924009654,0.008552829609269775,efi,IMRD - THIN,3-year lookback,yes,All,2813.000000000001,33700.00000000003,292384,0.8889834811506337,UK
"[70,75)",271880,0.003553038105046345,4.781521259378401e-5,vafi,IMRD - THIN,1-year lookback,no,All,12.999999999997996,966.0000000000002,270901,0.9963991466823598,UK
"[70,75)",271880,0.02872958658231572,0.0012468736207150205,vafi,IMRD - THIN,3-year lookback,no,All,338.9999999999998,7810.999999999998,263730,0.9700235397969692,UK
"[70,75)",271880,0.04229071649257027,0.00111814035603943,efi,IMRD - THIN,1-year lookback,no,All,304.0000000000002,11498.000000000004,260078,0.9565911431513903,UK
"[70,75)",271880,0.13218331616889784,0.011876563189642456,efi,IMRD - THIN,3-year lookback,no,All,3228.999999999991,35937.99999999994,232713.00000000006,0.8559401206414596,UK
"[70,75)",271880,0.06032808592025892,0.002067088421362366,efi,IMRD - THIN,1-year lookback,yes,All,562,16401.999999999996,254916,0.9376048256583787,UK
"[70,75)",271880,0.16000073561865508,0.01783507429748417,efi,IMRD - THIN,3-year lookback,yes,All,4848.999999999995,43500.99999999994,223530.00000000006,0.8221641900838608,UK
"[75,80)",223491,0.006389519041035207,9.843796841930607e-5,vafi,IMRD - THIN,1-year lookback,no,All,21.999999999999133,1427.9999999999995,222041,0.9935120429905455,UK
"[75,80)",223491,0.04824355343168181,0.0024027813200531577,vafi,IMRD - THIN,3-year lookback,no,All,537.0000000000002,10782,212172,0.949353665248265,UK
"[75,80)",223491,0.07398508217333137,0.002425153585603001,efi,IMRD - THIN,1-year lookback,no,All,542.0000000000003,16535,206414,0.9235897642410656,UK
"[75,80)",223491,0.20595907665185603,0.024824265854106013,efi,IMRD - THIN,3-year lookback,no,All,5548.000000000007,46029.999999999956,171913.00000000006,0.769216657494038,UK
"[75,80)",223491,0.1041115749627503,0.004559467719058039,efi,IMRD - THIN,1-year lookback,yes,All,1019.0000000000002,23268.000000000025,199203.99999999997,0.8913289573181916,UK
"[75,80)",223491,0.24169205918806594,0.03745117253043747,efi,IMRD - THIN,3-year lookback,yes,All,8370,54016.000000000044,161104.99999999994,0.7208567682814966,UK
"[80,120]",376041,0.010187718892354815,2.1274275943314162e-4,vafi,IMRD - THIN,1-year lookback,no,All,79.99999999999801,3830.999999999997,372130,0.989599538348212,UK
"[80,120]",376041,0.07743836443366546,0.004526102206940202,vafi,IMRD - THIN,3-year lookback,no,All,1702.0000000000005,29119.999999999993,345219,0.9180355333593944,UK
"[80,120]",376041,0.1270446573644893,0.005244109020027073,efi,IMRD - THIN,1-year lookback,no,All,1972.0000000000005,47773.99999999992,326295.0000000001,0.8677112336154837,UK
"[80,120]",376041,0.32364024135666064,0.05293837640044569,efi,IMRD - THIN,3-year lookback,no,All,19907,121702.00000000001,234432,0.6234213822428937,UK
"[80,120]",376041,0.17749128419507423,0.009440459949845912,efi,IMRD - THIN,1-year lookback,yes,All,3550.000000000007,66743.99999999991,305747.00000000006,0.8130682558550798,UK
"[80,120]",376041,0.3695501288423337,0.07889033376679672,efi,IMRD - THIN,3-year lookback,yes,All,29666.000000000004,138966,207409,0.5515595373908696,UK
"[40,45)",183841,3.4268743098655e-4,0,vafi,IMRD - THIN,1-year lookback,no,Female,0,62.99999999999834,183778,0.9996573125690135,UK
"[40,45)",183841,0.00406329382455491,5.439483031532e-5,vafi,IMRD - THIN,3-year lookback,no,Female,9.999999999998744,746.9999999999993,183084,0.9958823113451297,UK
"[40,45)",183841,0.00181678733253192,1.087896606306e-5,efi,IMRD - THIN,1-year lookback,no,Female,1.9999999999990132,334.0000000000007,183505,0.998172333701405,UK
"[40,45)",183841,0.0107212210551509,2.2301880429284e-4,efi,IMRD - THIN,3-year lookback,no,Female,41,1970.9999999999968,181829,0.9890557601405563,UK
"[40,45)",183841,0.00291012342186999,1.087896606306e-5,efi,IMRD - THIN,1-year lookback,yes,Female,1.9999999999990132,535.0000000000008,183304,0.997078997612067,UK
"[40,45)",183841,0.0144744643469085,3.7532432917575e-4,efi,IMRD - THIN,3-year lookback,yes,Female,68.99999999999905,2661.0000000000055,181111,0.9851502113239158,UK
"[45,50)",202984,4.58164190281e-4,0,vafi,IMRD - THIN,1-year lookback,no,Female,0,92.99999999999851,202891,0.999541835809719,UK
"[45,50)",202984,0.00539451385330863,6.897095337563e-5,vafi,IMRD - THIN,3-year lookback,no,Female,13.99999999999888,1094.9999999999989,201875,0.9945365151933158,UK
"[45,50)",202984,0.00302979545185827,9.85299333937e-6,efi,IMRD - THIN,1-year lookback,no,Female,1.99999999999868,614.9999999999991,202367,0.9969603515548023,UK
"[45,50)",202984,0.015897804753084,4.6801718362038e-4,efi,IMRD - THIN,3-year lookback,no,Female,94.99999999999922,3227.0000000000027,199662,0.9836341780632957,UK
"[45,50)",202984,0.00467524533953415,2.955898001812e-5,efi,IMRD - THIN,1-year lookback,yes,Female,5.99999999999807,948.9999999999999,202029,0.9952951956804478,UK
"[45,50)",202984,0.0212923186063926,6.700035470776e-4,efi,IMRD - THIN,3-year lookback,yes,Female,135.99999999999955,4321.999999999995,198526,0.9780376778465297,UK
"[50,55)",203977,7.0105943317138e-4,1.470754055604e-5,vafi,IMRD - THIN,1-year lookback,no,Female,2.999999999999371,142.99999999999858,203831,0.9992842330262726,UK
"[50,55)",203977,0.0081136598734171,1.9119802722856e-4,vafi,IMRD - THIN,3-year lookback,no,Female,38.99999999999998,1654.9999999999998,202283,0.9916951420993544,UK
"[50,55)",203977,0.00527510454610079,5.883016222417e-5,efi,IMRD - THIN,1-year lookback,no,Female,11.999999999999524,1076.0000000000007,202889,0.994666065291675,UK
"[50,55)",203977,0.0247380832152645,8.8735494688126e-4,efi,IMRD - THIN,3-year lookback,no,Female,180.99999999999875,5046.000000000007,198750,0.9743745618378543,UK
"[50,55)",203977,0.00799109703545008,9.314775685493e-5,efi,IMRD - THIN,1-year lookback,yes,Female,18.999999999998057,1630.000000000001,202328,0.991915755207695,UK
"[50,55)",203977,0.0323565892232948,0.00138741132578673,efi,IMRD - THIN,3-year lookback,yes,Female,282.99999999999983,6600.000000000003,197094,0.9662559994509184,UK
"[55,60)",182586,0.00110632797695333,0,vafi,IMRD - THIN,1-year lookback,no,Female,0,202.00000000000068,182384,0.9988936720230467,UK
"[55,60)",182586,0.0108442049226118,2.6836668747877e-4,vafi,IMRD - THIN,3-year lookback,no,Female,48.9999999999987,1979.9999999999982,180557,0.9888874283899094,UK
"[55,60)",182586,0.00915732860131664,9.310680994161e-5,efi,IMRD - THIN,1-year lookback,no,Female,16.999999999998803,1672,180897,0.9907495645887417,UK
"[55,60)",182586,0.0380204396832178,0.00164853822308392,efi,IMRD - THIN,3-year lookback,no,Female,301.0000000000006,6942.000000000005,175343,0.9603310220936984,UK
"[55,60)",182586,0.0130130459071342,1.6430613519108e-4,efi,IMRD - THIN,1-year lookback,yes,Female,29.999999999998533,2376.000000000005,180180,0.9868226479576747,UK
"[55,60)",182586,0.0477528397577032,0.00245911515669328,efi,IMRD - THIN,3-year lookback,yes,Female,448.9999999999992,8718.999999999996,173418,0.9497880450856035,UK
"[60,65)",170565,0.00141295107437047,1.758860258552e-5,vafi,IMRD - THIN,1-year lookback,no,Female,2.999999999999219,240.99999999999923,170321,0.9985694603230441,UK
"[60,65)",170565,0.0137191100167092,4.4557793216662e-4,vafi,IMRD - THIN,3-year lookback,no,Female,75.99999999999955,2340.0000000000045,168149,0.9858353120511242,UK
"[60,65)",170565,0.0141295107437047,2.2865183361182e-4,efi,IMRD - THIN,1-year lookback,no,Female,39.00000000000008,2409.9999999999923,168116,0.9856418374226834,UK
"[60,65)",170565,0.056875677894058,0.00296074810189664,efi,IMRD - THIN,3-year lookback,no,Female,505.0000000000004,9701.000000000004,160359,0.9401635740040454,UK
"[60,65)",170565,0.0202444815759388,3.5177205171049e-4,efi,IMRD - THIN,1-year lookback,yes,Female,59.99999999999972,3453.000000000001,167052,0.9794037463723507,UK
"[60,65)",170565,0.0703250960044558,0.00437956204379562,efi,IMRD - THIN,3-year lookback,yes,Female,746.9999999999999,11995.000000000004,157823,0.9252953419517486,UK
"[65,70)",166487,0.00190405256866903,2.402589992011e-5,vafi,IMRD - THIN,1-year lookback,no,Female,3.9999999999993534,317.0000000000008,166166,0.9980719215314109,UK
"[65,70)",166487,0.019617147284773,7.2077699760341e-4,vafi,IMRD - THIN,3-year lookback,no,Female,119.99999999999893,3266.0000000000023,163101,0.9796620757176236,UK
"[65,70)",166487,0.0235814207715918,3.9642734868187e-4,efi,IMRD - THIN,1-year lookback,no,Female,65.9999999999985,3926.000000000004,162495,0.9760221518797263,UK
"[65,70)",166487,0.0834419504225555,0.00561605410632662,efi,IMRD - THIN,3-year lookback,no,Female,935,13891.999999999998,151660,0.9109419954711179,UK
"[65,70)",166487,0.032903469940596,7.2678347258344e-4,efi,IMRD - THIN,1-year lookback,yes,Female,120.99999999999918,5478.000000000006,160888,0.9663697465868206,UK
"[65,70)",166487,0.101455368887661,0.00854120742160049,efi,IMRD - THIN,3-year lookback,yes,Female,1422.0000000000007,16891.00000000002,148173.99999999997,0.8900034236907385,UK
"[70,75)",140385,0.00379670192684404,6.410941339886e-5,vafi,IMRD - THIN,1-year lookback,no,Female,8.99999999999896,533.0000000000006,139843,0.9961391886597571,UK
"[70,75)",140385,0.0311856679844713,0.00146739324001852,vafi,IMRD - THIN,3-year lookback,no,Female,205.99999999999994,4378.000000000004,135801,0.9673469387755103,UK
"[70,75)",140385,0.0406026284859494,9.5451793282758e-4,efi,IMRD - THIN,1-year lookback,no,Female,133.99999999999983,5700.000000000006,134551,0.958442853581223,UK
"[70,75)",140385,0.132585390177013,0.0122092816184065,efi,IMRD - THIN,3-year lookback,no,Female,1713.9999999999966,18612.99999999997,120058.00000000003,0.8552053282045805,UK
"[70,75)",140385,0.0559034084838124,0.00176657050254657,efi,IMRD - THIN,1-year lookback,yes,Female,248.00000000000023,7848.000000000004,132289,0.942330021013641,UK
"[70,75)",140385,0.15773052676568,0.0175374861986679,efi,IMRD - THIN,3-year lookback,yes,Female,2461.999999999993,22142.999999999985,115780.00000000001,0.8247319870356521,UK
"[75,80)",119257,0.0065153408185683,1.2577878028124e-4,vafi,IMRD - THIN,1-year lookback,no,Female,14.99999999999984,776.9999999999997,118465,0.9933588804011505,UK
"[75,80)",119257,0.0516279966794402,0.00264973963792482,vafi,IMRD - THIN,3-year lookback,no,Female,316.0000000000003,6157,112784,0.945722263682635,UK
"[75,80)",119257,0.0715932817360826,0.00207115724863111,efi,IMRD - THIN,1-year lookback,no,Female,247.0000000000003,8538.000000000004,110472,0.9263355610152864,UK
"[75,80)",119257,0.206629380246023,0.0253234610966233,efi,IMRD - THIN,3-year lookback,no,Female,3020.000000000005,24641.999999999967,91595.00000000003,0.7680471586573537,UK
"[75,80)",119257,0.0968580460685746,0.00393268319679348,efi,IMRD - THIN,1-year lookback,yes,Female,469.00000000000006,11551,107237,0.899209270734632,UK
"[75,80)",119257,0.238535264177365,0.0365680840537662,efi,IMRD - THIN,3-year lookback,yes,Female,4360.999999999995,28447.00000000002,86448.99999999999,0.7248966517688687,UK
"[80,120]",228084,0.0101410006839585,2.1044878202767e-4,vafi,IMRD - THIN,1-year lookback,no,Female,47.99999999999909,2312.9999999999905,225723,0.9896485505340138,UK
"[80,120]",228084,0.0791857385875379,0.00491047158064573,vafi,IMRD - THIN,3-year lookback,no,Female,1120.0000000000007,18060.999999999993,208903,0.9159037898318163,UK
"[80,120]",228084,0.125979902141316,0.00502446467091072,efi,IMRD - THIN,1-year lookback,no,Female,1146.0000000000007,28733.999999999916,198204.0000000001,0.8689956331877733,UK
"[80,120]",228084,0.330062608512653,0.0535899054734221,efi,IMRD - THIN,3-year lookback,no,Female,12223.000000000005,75281.99999999996,140579.00000000006,0.616347486013925,UK
"[80,120]",228084,0.169424422581154,0.00853194437137195,efi,IMRD - THIN,1-year lookback,yes,Female,1946,38642.99999999993,187495.00000000006,0.822043633047474,UK
"[80,120]",228084,0.371797232598516,0.0774714578839375,efi,IMRD - THIN,3-year lookback,yes,Female,17670,84800.99999999993,125613.00000000007,0.5507313095175465,UK
"[40,45)",169306,1.2994223477017e-4,0,vafi,IMRD - THIN,1-year lookback,no,Male,0,21.9999999999984,169284,0.9998700577652299,UK
"[40,45)",169306,0.00175422016939742,1.771939565047e-5,vafi,IMRD - THIN,3-year lookback,no,Male,2.9999999999984737,296.9999999999996,169006,0.998228060434952,UK
"[40,45)",169306,0.00106316373902874,5.90646521682e-6,efi,IMRD - THIN,1-year lookback,no,Male,0.999999999998927,179.99999999999983,169125,0.9989309297957545,UK
"[40,45)",169306,0.00491417906039951,0.00012403576955335001,efi,IMRD - THIN,3-year lookback,no,Male,20.999999999999478,831.9999999999995,168453,0.9949617851700472,UK
"[40,45)",169306,0.00159474560854311,5.90646521682e-6,efi,IMRD - THIN,1-year lookback,yes,Male,0.999999999998927,269.9999999999998,169035,0.9983993479262401,UK
"[40,45)",169306,0.00671565095153155,1.8900688693844e-4,efi,IMRD - THIN,3-year lookback,yes,Male,31.999999999999524,1137.0000000000007,168137,0.9930953421615301,UK
"[45,50)",187752,3.3554902211427e-4,0,vafi,IMRD - THIN,1-year lookback,no,Male,0,62.999999999998415,187689,0.9996644509778857,UK
"[45,50)",187752,0.00273765392645618,5.326174954194e-5,vafi,IMRD - THIN,3-year lookback,no,Male,9.99999999999832,514.0000000000007,187228,0.9972090843240019,UK
"[45,50)",187752,0.00199731560782309,2.130469981677e-5,efi,IMRD - THIN,1-year lookback,no,Male,3.9999999999982006,375.0000000000008,187373,0.9979813796923601,UK
"[45,50)",187752,0.00929417529507009,1.8108994844262e-4,efi,IMRD - THIN,3-year lookback,no,Male,33.999999999998785,1744.9999999999995,185973,0.9905247347564873,UK
"[45,50)",187752,0.00319570497251694,2.663087477097e-5,efi,IMRD - THIN,1-year lookback,yes,Male,4.99999999999916,600.0000000000006,187147,0.9967776641527121,UK
"[45,50)",187752,0.0128307554646555,3.5152754697686e-4,efi,IMRD - THIN,3-year lookback,yes,Male,65.99999999999942,2408.9999999999995,185277,0.9868177169883676,UK
"[50,55)",191734,5.3720258274484e-4,1.043111811155e-5,vafi,IMRD - THIN,1-year lookback,no,Male,1.9999999999999278,102.99999999999915,191629,0.9994523662991436,UK
"[50,55)",191734,0.00462620088247259,8.866450394817e-5,vafi,IMRD - THIN,3-year lookback,no,Male,16.999999999998426,886.9999999999997,190830,0.9952851346135793,UK
"[50,55)",191734,0.00394296264616604,3.129335433465e-5,efi,IMRD - THIN,1-year lookback,no,Male,5.999999999999783,755.9999999999995,190972,0.9960257439994993,UK
"[50,55)",191734,0.0161265086004569,5.4763370085639e-4,efi,IMRD - THIN,3-year lookback,no,Male,104.99999999999909,3092.000000000003,188537,0.9833258576986867,UK
"[50,55)",191734,0.0062221619535398,7.301782678085e-5,efi,IMRD - THIN,1-year lookback,yes,Male,13.999999999999494,1193,190527,0.9937048202196793,UK
"[50,55)",191734,0.0220565992468733,8.5535168514713e-4,efi,IMRD - THIN,3-year lookback,yes,Male,163.99999999999983,4229.0000000000055,187341,0.9770880490679796,UK
"[55,60)",176579,7.4187757321085e-4,0,vafi,IMRD - THIN,1-year lookback,no,Male,0,130.9999999999987,176448,0.9992581224267891,UK
"[55,60)",176579,0.00694873116282231,1.6989562745286e-4,vafi,IMRD - THIN,3-year lookback,no,Male,29.999999999998565,1227.0000000000007,175322,0.9928813732097248,UK
"[55,60)",176579,0.00775290379943255,1.0193737647172e-4,efi,IMRD - THIN,1-year lookback,no,Male,17.999999999999847,1369.0000000000002,175192,0.9921451588240957,UK
"[55,60)",176579,0.0299695886826859,0.00121192214249713,efi,IMRD - THIN,3-year lookback,no,Male,214.0000000000007,5291.999999999994,171073,0.9688184891748169,UK
"[55,60)",176579,0.0119323362347731,1.6989562745286e-4,efi,IMRD - THIN,1-year lookback,yes,Male,29.999999999998565,2106.999999999999,174442,0.9878977681377741,UK
"[55,60)",176579,0.039710271323317,0.00202175796668913,efi,IMRD - THIN,3-year lookback,yes,Male,356.9999999999999,7011.999999999992,169210,0.9582679707099938,UK
"[60,65)",166370,0.00131033239165715,6.01069904429e-6,vafi,IMRD - THIN,1-year lookback,no,Male,0.9999999999985273,218.00000000000006,166151,0.9986836569092985,UK
"[60,65)",166370,0.0111077718338643,3.1255635030354e-4,vafi,IMRD - THIN,3-year lookback,no,Male,51.99999999999995,1848.0000000000034,164470,0.9885796718158322,UK
"[60,65)",166370,0.0145398809881589,2.1638516559475e-4,efi,IMRD - THIN,1-year lookback,no,Male,35.99999999999856,2418.9999999999964,163915,0.9852437338462463,UK
"[60,65)",166370,0.0516799903828815,0.0026086433852257,efi,IMRD - THIN,3-year lookback,no,Male,433.9999999999997,8597.999999999995,157338,0.9457113662318928,UK
"[60,65)",166370,0.0221915008715514,4.4479172927811e-4,efi,IMRD - THIN,1-year lookback,yes,Male,73.99999999999916,3692.0000000000064,162604,0.9773637073991706,UK
"[60,65)",166370,0.0671334976257739,0.00428562841858508,efi,IMRD - THIN,3-year lookback,yes,Male,712.9999999999998,11169.000000000005,154488,0.928580873955641,UK
"[65,70)",162410,0.0018040761036882,6.15725632658e-6,vafi,IMRD - THIN,1-year lookback,no,Male,0.9999999999998579,293.00000000000057,162116,0.9981897666399853,UK
"[65,70)",162410,0.0162982574964596,4.6179422449356e-4,vafi,IMRD - THIN,3-year lookback,no,Male,74.99999999999908,2647.0000000000036,159688,0.9832399482790468,UK
"[65,70)",162410,0.0256880733944954,4.6795148082014e-4,efi,IMRD - THIN,1-year lookback,no,Male,75.99999999999893,4171.999999999998,158162,0.9738439751246845,UK
"[65,70)",162410,0.0824087186749584,0.00533218397881904,efi,IMRD - THIN,3-year lookback,no,Male,866.0000000000002,13383.999999999995,148160,0.9122590973462226,UK
"[65,70)",162410,0.0381134166615356,9.2358844898713e-4,efi,IMRD - THIN,1-year lookback,yes,Male,149.99999999999977,6189.999999999997,156070,0.9609629948894772,UK
"[65,70)",162410,0.103497321593498,0.008564743550274,efi,IMRD - THIN,3-year lookback,yes,Male,1391.0000000000002,16809.00000000001,144210,0.8879379348562281,UK
"[70,75)",131495,0.00329290087075554,3.041940758203e-5,vafi,IMRD - THIN,1-year lookback,no,Male,3.999999999999035,432.9999999999997,131058,0.9966766797216624,UK
"[70,75)",131495,0.0261074565572835,0.00101144530210274,vafi,IMRD - THIN,3-year lookback,no,Male,132.9999999999998,3432.999999999994,127929,0.9728810981406137,UK
"[70,75)",131495,0.0440929312901631,0.00129282482223659,efi,IMRD - THIN,1-year lookback,no,Male,170.0000000000004,5797.999999999996,125527,0.9546142438876003,UK
"[70,75)",131495,0.131754059089699,0.0115213506216966,efi,IMRD - THIN,3-year lookback,no,Male,1514.9999999999945,17324.99999999997,112655.00000000003,0.8567245902886044,UK
"[70,75)",131495,0.0650519031141868,0.00238792349518993,efi,IMRD - THIN,1-year lookback,yes,Male,313.99999999999983,8553.999999999993,122627,0.9325601733906232,UK
"[70,75)",131495,0.162424426784288,0.0181527814745808,efi,IMRD - THIN,3-year lookback,yes,Male,2387.0000000000023,21357.999999999953,107750.00000000004,0.8194227917411312,UK
"[75,80)",104234,0.00624556286816202,6.715658998023e-5,vafi,IMRD - THIN,1-year lookback,no,Male,6.999999999999294,651,103576,0.9936872805418577,UK
"[75,80)",104234,0.0443713183797993,0.00212022948366176,vafi,IMRD - THIN,3-year lookback,no,Male,220.9999999999999,4625.000000000001,99388,0.9535084521365389,UK
"[75,80)",104234,0.0767216071531362,0.00283017057773855,efi,IMRD - THIN,1-year lookback,no,Male,295,7996.999999999998,95942,0.9204482222691253,UK
"[75,80)",104234,0.205192163785329,0.0242531227814341,efi,IMRD - THIN,3-year lookback,no,Male,2528.000000000002,21387.999999999985,80318.00000000001,0.7705547134332369,UK
"[75,80)",104234,0.112410537828348,0.00527658921273289,efi,IMRD - THIN,1-year lookback,yes,Male,550.0000000000001,11717.000000000025,91966.99999999997,0.882312872958919,UK
"[75,80)",104234,0.245303835600668,0.0384615384615385,efi,IMRD - THIN,3-year lookback,yes,Male,4009.0000000000036,25569.00000000003,74655.99999999997,0.7162346259377935,UK
"[80,120]",147957,0.0102597376264726,2.1627905404948e-4,vafi,IMRD - THIN,1-year lookback,no,Male,31.999999999998913,1518.0000000000064,146407,0.989523983319478,UK
"[80,120]",147957,0.074744689335415,0.00393357529552505,vafi,IMRD - THIN,3-year lookback,no,Male,581.9999999999998,11058.999999999998,136316,0.9213217353690599,UK
"[80,120]",147957,0.128686037159445,0.00558270308265239,efi,IMRD - THIN,1-year lookback,no,Male,825.9999999999997,19040.000000000004,128091,0.8657312597579027,UK
"[80,120]",147957,0.313739802780538,0.0519340078536331,efi,IMRD - THIN,3-year lookback,no,Male,7683.999999999993,46420.00000000006,93852.99999999994,0.6343261893658289,UK
"[80,120]",147957,0.189926803057645,0.0108409875842306,efi,IMRD - THIN,1-year lookback,yes,Male,1604.0000000000068,28100.99999999998,118252.00000000001,0.7992322093581244,UK
"[80,120]",147957,0.366086092580953,0.0810776103868016,efi,IMRD - THIN,3-year lookback,yes,Male,11996.000000000004,54165.00000000006,81795.99999999994,0.5528362970322455,UK
"[40,45)",596638,0.010310425417087078,4.042471314264261e-4,efi,Pharmetrics+,1-year lookback,no,All,241.18920000000003,6151.5916,590245.2192,0.9892853274514866,US
"[40,45)",596638,0.0542042506511486,0.007593436891381373,vafi,Pharmetrics+,1-year lookback,no,All,4530.532999999999,32340.3157,559767.1513,0.9382023124574701,US
"[45,50)",610663,0.018060032947796085,0.0010570602771086506,efi,Pharmetrics+,1-year lookback,no,All,645.5075999999999,11028.5939,598988.8985,0.9808829067750953,US
"[45,50)",610663,0.07472485511648815,0.013250619244984548,vafi,Pharmetrics+,1-year lookback,no,All,8091.662899999999,45631.7042,556939.6329000001,0.9120245256385274,US
"[50,55)",657697,0.029713402220171294,0.002104602879441445,efi,Pharmetrics+,1-year lookback,no,All,1384.191,19542.4155,636770.3935,0.9681819949003873,US
"[50,55)",657697,0.09977202039845096,0.02194562237626141,vafi,Pharmetrics+,1-year lookback,no,All,14433.57,65619.7585,577643.6714999999,0.8782823572252876,US
"[55,60)",702585,0.04787296227502722,0.004257233075001602,efi,Pharmetrics+,1-year lookback,no,All,2991.0681000000004,33634.8252,665959.1067,0.9478698046499712,US
"[55,60)",702585,0.12901659087512543,0.03491217020004697,vafi,Pharmetrics+,1-year lookback,no,All,24528.7671,90645.1215,587411.1114,0.8360712389248277,US
"[60,65)",698925,0.07370092155810709,0.007747196623385914,efi,Pharmetrics+,1-year lookback,no,All,5414.7094,51511.4166,641998.8740000001,0.9185518818185071,US
"[60,65)",698925,0.16552703480344816,0.05234669714203956,vafi,Pharmetrics+,1-year lookback,no,All,36586.4153,115690.9828,546647.6019,0.7821262680545124,US
"[65,70)",574070,0.12272829620081176,0.01584060445590259,efi,Pharmetrics+,1-year lookback,no,All,9093.6158,70454.633,494521.75119999994,0.8614310993432855,US
"[65,70)",574070,0.2362417001410978,0.09830714024422109,vafi,Pharmetrics+,1-year lookback,no,All,56435.18,135619.2728,382015.54720000003,0.6654511596146812,US
"[70,75)",439984,0.187924513618677,0.030286770428015565,efi,Pharmetrics+,1-year lookback,no,All,13325.6944,82683.77919999999,343974.5264,0.7817887159533073,US
"[70,75)",439984,0.29955856031128403,0.1622944552529183,vafi,Pharmetrics+,1-year lookback,no,All,71406.9636,131800.9736,236776.06279999999,0.5381469844357977,US
"[75,80)",335448,0.2621057773485011,0.05350577734850111,efi,Pharmetrics+,1-year lookback,no,All,17948.406,87922.8588,229576.7352,0.6843884453029978,US
"[75,80)",335448,0.33783872791013814,0.24770212014976986,vafi,Pharmetrics+,1-year lookback,no,All,83091.1808,113327.32560000001,139029.4936,0.41445915194009203,US
"[80,120]",483547,0.35827590782281765,0.10832984839115949,efi,Pharmetrics+,1-year lookback,no,All,52382.5732,173243.2404,257921.1864,0.5333942437860228,US
"[80,120]",483547,0.3336065542749722,0.409428521529448,vafi,Pharmetrics+,1-year lookback,no,All,197977.93329999998,161314.4485,124254.6182,0.25696492419557976,US
"[40,45)",310989,0.0128,5e-4,efi,Pharmetrics+,1-year lookback,no,Female,155.49450000000002,3980.6592,306852.84630000003,0.9867000000000001,US
"[40,45)",310989,0.0667,0.0097,vafi,Pharmetrics+,1-year lookback,no,Female,3016.5933,20742.9663,287229.44039999996,0.9235999999999999,US
"[45,50)",319703,0.0213,0.0012,efi,Pharmetrics+,1-year lookback,no,Female,383.6436,6809.6739,312509.6825,0.9775,US
"[45,50)",319703,0.0894,0.0163,vafi,Pharmetrics+,1-year lookback,no,Female,5211.158899999999,28581.4482,285910.39290000004,0.8943000000000001,US
"[50,55)",343985,0.0331,0.0022,efi,Pharmetrics+,1-year lookback,no,Female,756.767,11385.903499999999,331842.3295,0.9647,US
"[50,55)",343985,0.1137,0.026,vafi,Pharmetrics+,1-year lookback,no,Female,8943.609999999999,39111.0945,295930.2955,0.8603000000000001,US
"[55,60)",368232,0.0503,0.0044,efi,Pharmetrics+,1-year lookback,no,Female,1620.2208,18522.0696,348089.7096,0.9453,US
"[55,60)",368232,0.1402,0.0391,vafi,Pharmetrics+,1-year lookback,no,Female,14397.871200000001,51626.126399999994,302208.0024,0.8207,US
"[60,65)",369056,0.0754,0.0077,efi,Pharmetrics+,1-year lookback,no,Female,2841.7312,27826.822399999997,338387.4464,0.9169,US
"[60,65)",369056,0.1744,0.0565,vafi,Pharmetrics+,1-year lookback,no,Female,20851.664,64363.3664,283840.9696,0.7691,US
"[65,70)",305014,0.1239,0.0157,efi,Pharmetrics+,1-year lookback,no,Female,4788.7198,37791.234599999996,262434.04559999995,0.8603999999999998,US
"[65,70)",305014,0.2436,0.1044,vafi,Pharmetrics+,1-year lookback,no,Female,31843.461600000002,74301.41040000001,198869.12800000003,0.6520000000000001,US
"[70,75)",240750,0.1872,0.0292,efi,Pharmetrics+,1-year lookback,no,Female,7029.9,45068.4,188651.7,0.7836000000000001,US
"[70,75)",240750,0.303,0.168,vafi,Pharmetrics+,1-year lookback,no,Female,40446,72947.25,127356.75,0.529,US
"[75,80)",184852,0.2582,0.0496,efi,Pharmetrics+,1-year lookback,no,Female,9168.6592,47728.7864,127954.55440000001,0.6922,US
"[75,80)",184852,0.3373,0.2486,vafi,Pharmetrics+,1-year lookback,no,Female,45954.2072,62350.5796,76547.2132,0.41409999999999997,US
"[80,120]",292955,0.358,0.1036,efi,Pharmetrics+,1-year lookback,no,Female,30350.138,104877.89,157726.972,0.5384,US
"[80,120]",292955,0.3327,0.4127,vafi,Pharmetrics+,1-year lookback,no,Female,120902.5285,97466.12849999999,74586.343,0.2546,US
"[40,45)",285649,0.0076,3e-4,efi,Pharmetrics+,1-year lookback,no,Male,85.6947,2170.9324,283392.3729,0.9921000000000001,US
"[40,45)",285649,0.0406,0.0053,vafi,Pharmetrics+,1-year lookback,no,Male,1513.9397,11597.3494,272537.7109,0.9541000000000001,US
"[45,50)",290960,0.0145,9e-4,efi,Pharmetrics+,1-year lookback,no,Male,261.864,4218.92,286479.216,0.9846,US
"[45,50)",290960,0.0586,0.0099,vafi,Pharmetrics+,1-year lookback,no,Male,2880.5040000000004,17050.256,271029.24,0.9315,US
"[50,55)",313712,0.026,0.002,efi,Pharmetrics+,1-year lookback,no,Male,627.424,8156.512,304928.064,0.9720000000000001,US
"[50,55)",313712,0.0845,0.0175,vafi,Pharmetrics+,1-year lookback,no,Male,5489.960000000001,26508.664,281713.376,0.898,US
"[55,60)",334353,0.0452,0.0041,efi,Pharmetrics+,1-year lookback,no,Male,1370.8473000000001,15112.755599999999,317869.3971,0.9507,US
"[55,60)",334353,0.1167,0.0303,vafi,Pharmetrics+,1-year lookback,no,Male,10130.8959,39018.9951,285203.109,0.853,US
"[60,65)",329869,0.0718,0.0078,efi,Pharmetrics+,1-year lookback,no,Male,2572.9782,23684.5942,303611.4276,0.9204,US
"[60,65)",329869,0.1556,0.0477,vafi,Pharmetrics+,1-year lookback,no,Male,15734.7513,51327.6164,262806.6323,0.7967,US
"[65,70)",269056,0.1214,0.016,efi,Pharmetrics+,1-year lookback,no,Male,4304.896,32663.3984,232087.7056,0.8625999999999999,US
"[65,70)",269056,0.2279,0.0914,vafi,Pharmetrics+,1-year lookback,no,Male,24591.718399999998,61317.8624,183146.4192,0.6807,US
"[70,75)",199234,0.1888,0.0316,efi,Pharmetrics+,1-year lookback,no,Male,6295.794400000001,37615.379199999996,155322.8264,0.7796,US
"[70,75)",199234,0.2954,0.1554,vafi,Pharmetrics+,1-year lookback,no,Male,30960.963600000003,58853.7236,109419.31279999999,0.5491999999999999,US
"[75,80)",150596,0.2669,0.0583,efi,Pharmetrics+,1-year lookback,no,Male,8779.746799999999,40194.072400000005,101622.1808,0.6748000000000001,US
"[75,80)",150596,0.3385,0.2466,vafi,Pharmetrics+,1-year lookback,no,Male,37136.973600000005,50976.74600000001,62482.280399999996,0.4149,US
"[80,120]",190592,0.3587,0.1156,efi,Pharmetrics+,1-year lookback,no,Male,22032.4352,68365.35040000001,100194.21439999998,0.5257,US
"[80,120]",190592,0.335,0.4044,vafi,Pharmetrics+,1-year lookback,no,Male,77075.40479999999,63848.32000000001,49668.275200000004,0.2606,US
"[40,45)",12939,0.0010820001545714503,7.728572532653031e-5,vafi,UK BioBank,1-year lookback,no,All,0.9999999999999758,13.999999999999996,12924,0.998840714120102,UK
"[40,45)",12939,0.00494628642089806,1.545714506530592e-4,vafi,UK BioBank,3-year lookback,no,All,1.999999999999933,64,12873,0.9948991421284489,UK
"[40,45)",12939,0.006723858103408304,0,efi,UK BioBank,1-year lookback,no,All,0,87.00000000000004,12852,0.9932761418965917,UK
"[40,45)",12939,0.01677100239585749,4.63714351959189e-4,efi,UK BioBank,3-year lookback,no,All,5.999999999999947,217.00000000000006,12716,0.9827652832521834,UK
"[40,45)",12939,0.006723858103408304,0,efi,UK BioBank,1-year lookback,yes,All,0,87.00000000000004,12852,0.9932761418965917,UK
"[40,45)",12939,0.01677100239585749,4.63714351959189e-4,efi,UK BioBank,3-year lookback,yes,All,5.999999999999947,217.00000000000006,12716,0.9827652832521834,UK
"[45,50)",25688,0.002063220180629088,7.785736530675526e-5,vafi,UK BioBank,1-year lookback,no,All,1.9999999999999292,53.00000000000001,25633,0.9978589224540642,UK
"[45,50)",25688,0.007318592338835254,5.839302398006778e-4,vafi,UK BioBank,3-year lookback,no,All,14.99999999999981,188,25485,0.9920974774213641,UK
"[45,50)",25688,0.01023824353783868,2.3357209592026964e-4,efi,UK BioBank,1-year lookback,no,All,5.999999999999886,263,25419,0.989528184366241,UK
"[45,50)",25688,0.0244082840236686,9.342883836810952e-4,efi,UK BioBank,3-year lookback,no,All,23.99999999999997,626.999999999999,25037,0.9746574275926503,UK
"[45,50)",25688,0.01023824353783868,2.3357209592026964e-4,efi,UK BioBank,1-year lookback,yes,All,5.999999999999886,263,25419,0.989528184366241,UK
"[45,50)",25688,0.0244082840236686,9.342883836810952e-4,efi,UK BioBank,3-year lookback,yes,All,23.99999999999997,626.999999999999,25037,0.9746574275926503,UK
"[50,55)",30010,0.00373208930356548,1.6661112962345674e-4,vafi,UK BioBank,1-year lookback,no,All,4.999999999999937,112.00000000000006,29893,0.996101299566811,UK
"[50,55)",30010,0.01296234588470509,8.997000999666773e-4,vafi,UK BioBank,3-year lookback,no,All,26.999999999999986,388.9999999999998,29594,0.9861379540153282,UK
"[50,55)",30010,0.017560813062312563,4.331889370209904e-4,efi,UK BioBank,1-year lookback,no,All,12.999999999999922,527,29470,0.9820059980006665,UK
"[50,55)",30010,0.04055314895034985,0.001966011329556818,efi,UK BioBank,3-year lookback,no,All,59.000000000000114,1216.999999999999,28734,0.9574808397200933,UK
"[50,55)",30010,0.017560813062312563,4.331889370209904e-4,efi,UK BioBank,1-year lookback,yes,All,12.999999999999922,527,29470,0.9820059980006665,UK
"[50,55)",30010,0.040619793402199254,0.001966011329556818,efi,UK BioBank,3-year lookback,yes,All,59.000000000000114,1218.9999999999995,28732,0.9574141952682439,UK
"[55,60)",35548,0.0052886238325644186,2.2504782266231265e-4,vafi,UK BioBank,1-year lookback,no,All,7.99999999999989,187.99999999999994,35352,0.9944863283447732,UK
"[55,60)",35548,0.019325981771126384,0.0015472037808034191,vafi,UK BioBank,3-year lookback,no,All,54.99999999999994,687.0000000000007,34806,0.9791268144480703,UK
"[55,60)",35548,0.025655451783504018,7.876673793181015e-4,efi,UK BioBank,1-year lookback,no,All,27.999999999999872,912.0000000000008,34608,0.973556880837178,UK
"[55,60)",35548,0.05721840891189374,0.0037132890739282106,efi,UK BioBank,3-year lookback,no,All,132.00000000000003,2033.9999999999986,33382,0.939068302014178,UK
"[55,60)",35548,0.025683582761336792,7.876673793181015e-4,efi,UK BioBank,1-year lookback,yes,All,27.999999999999872,913.0000000000003,34607,0.9735287498593451,UK
"[55,60)",35548,0.057246539889726555,0.0037132890739282106,efi,UK BioBank,3-year lookback,yes,All,132.00000000000003,2034.9999999999995,33381,0.9390401710363452,UK
"[60,65)",48759,0.008265140794519985,2.871264792140917e-4,vafi,UK BioBank,1-year lookback,no,All,13.999999999999897,403,48342,0.991447732726266,UK
"[60,65)",48759,0.02861010275026148,0.0017432679095141421,vafi,UK BioBank,3-year lookback,no,All,85.00000000000006,1394.9999999999995,47279,0.9696466293402244,UK
"[60,65)",48759,0.037716113948194185,0.001230542053774684,efi,UK BioBank,1-year lookback,no,All,59.999999999999815,1839.0000000000002,46860,0.9610533439980311,UK
"[60,65)",48759,0.08476383847084641,0.006111692200414279,efi,UK BioBank,3-year lookback,no,All,297.99999999999983,4133,44328,0.9091244693287394,UK
"[60,65)",48759,0.03779815008511254,0.001230542053774684,efi,UK BioBank,1-year lookback,yes,All,59.999999999999815,1843.0000000000023,46856,0.9609713078611128,UK
"[60,65)",48759,0.08492791074468305,0.006111692200414279,efi,UK BioBank,3-year lookback,yes,All,297.99999999999983,4141.000000000001,44320,0.9089603970549027,UK
"[65,70)",43159,0.013855742718784026,6.48763873120315e-4,vafi,UK BioBank,1-year lookback,no,All,27.999999999999673,597.9999999999998,42533,0.9854954934080956,UK
"[65,70)",43159,0.04400009268055329,0.003915753377047659,vafi,UK BioBank,3-year lookback,no,All,168.99999999999991,1898.9999999999995,41091,0.952084153942399,UK
"[65,70)",43159,0.059987488125304085,0.0032206492272758855,efi,UK BioBank,1-year lookback,no,All,138.99999999999994,2588.999999999999,40431,0.93679186264742,UK
"[65,70)",43159,0.12701869830162887,0.011538728886211441,efi,UK BioBank,3-year lookback,no,All,497.99999999999955,5482.000000000001,37179,0.8614425728121596,UK
"[65,70)",43159,0.06012650895525847,0.0032206492272758855,efi,UK BioBank,1-year lookback,yes,All,138.99999999999994,2595.0000000000005,40425,0.9366528418174657,UK
"[65,70)",43159,0.12713454899325766,0.011538728886211441,efi,UK BioBank,3-year lookback,yes,All,497.99999999999955,5487.000000000007,37173.99999999999,0.8613267221205309,UK
"[70,75)",11099,0.015586989818902594,9.91080277502476e-4,vafi,UK BioBank,1-year lookback,no,All,10.99999999999998,172.9999999999999,10915,0.9834219299035949,UK
"[70,75)",11099,0.05387872781331649,0.004955401387512391,vafi,UK BioBank,3-year lookback,no,All,55.00000000000003,597.9999999999998,10446,0.9411658707991711,UK
"[70,75)",11099,0.07604288674655374,0.0033336336606901496,efi,UK BioBank,1-year lookback,no,All,36.99999999999997,843.9999999999999,10218,0.9206234795927561,UK
"[70,75)",11099,0.163798540409046,0.013965222092080396,efi,UK BioBank,3-year lookback,no,All,155.0000000000003,1818.0000000000018,9125.999999999998,0.8222362374988736,UK
"[70,75)",11099,0.07604288674655374,0.0033336336606901496,efi,UK BioBank,1-year lookback,yes,All,36.99999999999997,843.9999999999999,10218,0.9206234795927561,UK
"[70,75)",11099,0.16370844220200037,0.014055320299126048,efi,UK BioBank,3-year lookback,yes,All,156,1817.000000000002,9125.999999999998,0.8222362374988736,UK
"[40,45)",7047,0.00113523485170995,1.4190435646374e-4,vafi,UK BioBank,1-year lookback,no,Female,0.9999999999999758,8.000000000000018,7038,0.9987228607918263,UK
"[40,45)",7047,0.00539236554562225,1.4190435646374e-4,vafi,UK BioBank,3-year lookback,no,Female,0.9999999999999758,38,7008,0.9944657300979141,UK
"[40,45)",7047,0.00808854831843338,0,efi,UK BioBank,1-year lookback,no,Female,0,57.00000000000003,6990,0.9919114516815666,UK
"[40,45)",7047,0.0202923229743153,5.6761742585497e-4,efi,UK BioBank,3-year lookback,no,Female,3.9999999999999734,142.99999999999991,6900,0.9791400595998297,UK
"[40,45)",7047,0.00808854831843338,0,efi,UK BioBank,1-year lookback,yes,Female,0,57.00000000000003,6990,0.9919114516815666,UK
"[40,45)",7047,0.0202923229743153,5.6761742585497e-4,efi,UK BioBank,3-year lookback,yes,Female,3.9999999999999734,142.99999999999991,6900,0.9791400595998297,UK
"[45,50)",14464,0.00235066371681416,0,vafi,UK BioBank,1-year lookback,no,Female,0,34.00000000000001,14430,0.9976493362831859,UK
"[45,50)",14464,0.00732853982300885,6.2223451327433e-4,vafi,UK BioBank,3-year lookback,no,Female,8.99999999999991,106,14349,0.9920492256637168,UK
"[45,50)",14464,0.0116841814159292,1.3827433628318e-4,efi,UK BioBank,1-year lookback,no,Female,1.9999999999999156,168.99999999999994,14293,0.9881775442477876,UK
"[45,50)",14464,0.0268943584070796,9.679203539823e-4,efi,UK BioBank,3-year lookback,no,Female,13.999999999999988,388.9999999999993,14061,0.972137721238938,UK
"[45,50)",14464,0.0116841814159292,1.3827433628318e-4,efi,UK BioBank,1-year lookback,yes,Female,1.9999999999999156,168.99999999999994,14293,0.9881775442477876,UK
"[45,50)",14464,0.0268943584070796,9.679203539823e-4,efi,UK BioBank,3-year lookback,yes,Female,13.999999999999988,388.9999999999993,14061,0.972137721238938,UK
"[50,55)",17401,0.00304580196540429,5.74679616114e-5,vafi,UK BioBank,1-year lookback,no,Female,0.9999999999999715,53.00000000000005,17347,0.9968967300729843,UK
"[50,55)",17401,0.0139072467099592,7.4708350094822e-4,vafi,UK BioBank,3-year lookback,no,Female,12.999999999999977,242.00000000000006,17146,0.9853456697890925,UK
"[50,55)",17401,0.0183897477156485,4.0227573127981e-4,efi,UK BioBank,1-year lookback,no,Female,6.999999999999973,319.99999999999955,17074,0.9812079765530717,UK
"[50,55)",17401,0.043503246939831,0.00195391069478766,efi,UK BioBank,3-year lookback,no,Female,34.00000000000007,756.9999999999992,16610,0.9545428423653813,UK
"[50,55)",17401,0.0183897477156485,4.0227573127981e-4,efi,UK BioBank,1-year lookback,yes,Female,6.999999999999973,319.99999999999955,17074,0.9812079765530717,UK
"[50,55)",17401,0.0435607149014424,0.00195391069478766,efi,UK BioBank,3-year lookback,yes,Female,34.00000000000007,757.9999999999992,16609,0.9544853744037699,UK
"[55,60)",20274,0.00463648022097267,2.9594554601953e-4,vafi,UK BioBank,1-year lookback,no,Female,5.999999999999951,93.99999999999991,20174,0.9950675742330078,UK
"[55,60)",20274,0.0180526783071915,0.00152905198776758,vafi,UK BioBank,3-year lookback,no,Female,30.99999999999992,366.00000000000045,19877,0.980418269705041,UK
"[55,60)",20274,0.0255992897306896,5.9189109203906e-4,efi,UK BioBank,1-year lookback,no,Female,11.999999999999902,519.0000000000009,19743,0.9738088191772714,UK
"[55,60)",20274,0.0595343790075959,0.00310742823320509,efi,UK BioBank,3-year lookback,no,Female,62.99999999999999,1206.9999999999993,19004,0.937358192759199,UK
"[55,60)",20274,0.0256486139883595,5.9189109203906e-4,efi,UK BioBank,1-year lookback,yes,Female,11.999999999999902,520.0000000000005,19742,0.9737594949196015,UK
"[55,60)",20274,0.0595343790075959,0.00310742823320509,efi,UK BioBank,3-year lookback,yes,Female,62.99999999999999,1206.9999999999993,19004,0.937358192759199,UK
"[60,65)",27154,0.00777049421816307,2.9461589452751e-4,vafi,UK BioBank,1-year lookback,no,Female,8.000000000000005,211,26935,0.9919348898873094,UK
"[60,65)",27154,0.0273256242174265,0.00139942549900567,vafi,UK BioBank,3-year lookback,no,Female,37.999999999999964,741.9999999999992,26374,0.9712749502835678,UK
"[60,65)",27154,0.0347278485674302,0.00103115563084628,efi,UK BioBank,1-year lookback,no,Female,27.999999999999886,942.9999999999997,26183,0.9642409958017235,UK
"[60,65)",27154,0.0801723502982986,0.00537674007512705,efi,UK BioBank,3-year lookback,no,Female,145.99999999999991,2177,24831,0.9144509096265744,UK
"[60,65)",27154,0.0347646755542462,0.00103115563084628,efi,UK BioBank,1-year lookback,yes,Female,27.999999999999886,944.0000000000013,26182,0.9642041688149076,UK
"[60,65)",27154,0.0803564852323783,0.00537674007512705,efi,UK BioBank,3-year lookback,yes,Female,145.99999999999991,2182.0000000000005,24826,0.9142667746924946,UK
"[65,70)",22406,0.0117825582433277,5.3557082924216e-4,vafi,UK BioBank,1-year lookback,no,Female,11.999999999999838,264.00000000000045,22130,0.9876818709274302,UK
"[65,70)",22406,0.0411050611443363,0.00290100865839507,vafi,UK BioBank,3-year lookback,no,Female,64.99999999999993,920.9999999999991,21420,0.9559939301972686,UK
"[65,70)",22406,0.0536463447290904,0.00272248504864768,efi,UK BioBank,1-year lookback,no,Female,60.999999999999915,1201.9999999999995,21143,0.9436311702222618,UK
"[65,70)",22406,0.117959475140587,0.0101312148531643,efi,UK BioBank,3-year lookback,no,Female,226.99999999999932,2642.9999999999923,19536.000000000007,0.8719093100062486,UK
"[65,70)",22406,0.0538694992412747,0.00272248504864768,efi,UK BioBank,1-year lookback,yes,Female,60.999999999999915,1207.000000000001,21138,0.9434080157100777,UK
"[65,70)",22406,0.118048736945461,0.0101312148531643,efi,UK BioBank,3-year lookback,yes,Female,226.99999999999932,2644.999999999999,19534,0.8718200482013746,UK
"[70,75)",5638,0.0131252217098262,8.8683930471798e-4,vafi,UK BioBank,1-year lookback,no,Female,4.999999999999971,74.00000000000011,5559,0.9859879389854558,UK
"[70,75)",5638,0.0510819439517559,0.00301525363604115,vafi,UK BioBank,3-year lookback,no,Female,17.000000000000004,287.9999999999998,5333,0.9459028024122029,UK
"[70,75)",5638,0.0711245122383824,0.00212841433132316,efi,UK BioBank,1-year lookback,no,Female,11.999999999999975,400.99999999999994,5225,0.9267470734302944,UK
"[70,75)",5638,0.155374246186591,0.0129478538488826,efi,UK BioBank,3-year lookback,no,Female,73.0000000000001,876,4689,0.8316778999645265,UK
"[70,75)",5638,0.0711245122383824,0.00212841433132316,efi,UK BioBank,1-year lookback,yes,Female,11.999999999999975,400.99999999999994,5225,0.9267470734302944,UK
"[70,75)",5638,0.155374246186591,0.0129478538488826,efi,UK BioBank,3-year lookback,yes,Female,73.0000000000001,876,4689,0.8316778999645265,UK
"[40,45)",5892,0.0010183299389002,0,vafi,UK BioBank,1-year lookback,no,Male,0,5.999999999999979,5886,0.9989816700610998,UK
"[40,45)",5892,0.00441276306856755,1.6972165648336e-4,vafi,UK BioBank,3-year lookback,no,Male,0.9999999999999571,26.000000000000007,5865,0.995417515274949,UK
"[40,45)",5892,0.00509164969450102,0,efi,UK BioBank,1-year lookback,no,Male,0,30.00000000000001,5862,0.994908350305499,UK
"[40,45)",5892,0.0125594025797692,3.3944331296673e-4,efi,UK BioBank,3-year lookback,no,Male,1.9999999999999731,74.00000000000013,5816,0.9871011541072641,UK
"[40,45)",5892,0.00509164969450102,0,efi,UK BioBank,1-year lookback,yes,Male,0,30.00000000000001,5862,0.994908350305499,UK
"[40,45)",5892,0.0125594025797692,3.3944331296673e-4,efi,UK BioBank,3-year lookback,yes,Male,1.9999999999999731,74.00000000000013,5816,0.9871011541072641,UK
"[45,50)",11224,0.0016928011404134,1.7818959372772e-4,vafi,UK BioBank,1-year lookback,no,Male,1.9999999999999292,19,11203,0.9981290092658589,UK
"[45,50)",11224,0.00730577334283678,5.3456878118317e-4,vafi,UK BioBank,3-year lookback,no,Male,5.9999999999999005,82.00000000000001,11136,0.99215965787598,UK
"[45,50)",11224,0.00837491090520314,3.5637918745545e-4,efi,UK BioBank,1-year lookback,no,Male,3.999999999999971,94.00000000000003,11126,0.9912687099073414,UK
"[45,50)",11224,0.0212045616535994,8.9094796863863e-4,efi,UK BioBank,3-year lookback,no,Male,9.999999999999984,237.99999999999966,10976,0.977904490377762,UK
"[45,50)",11224,0.00837491090520314,3.5637918745545e-4,efi,UK BioBank,1-year lookback,yes,Male,3.999999999999971,94.00000000000003,11126,0.9912687099073414,UK
"[45,50)",11224,0.0212045616535994,8.9094796863863e-4,efi,UK BioBank,3-year lookback,yes,Male,9.999999999999984,237.99999999999966,10976,0.977904490377762,UK
"[50,55)",12609,0.00467919739868348,3.1723372194464e-4,vafi,UK BioBank,1-year lookback,no,Male,3.999999999999966,59,12546,0.9950035688793719,UK
"[50,55)",12609,0.0116583392814656,0.00111031802680625,vafi,UK BioBank,3-year lookback,no,Male,14.000000000000007,146.99999999999974,12448,0.9872313426917281,UK
"[50,55)",12609,0.0164168451106353,4.7585058291696e-4,efi,UK BioBank,1-year lookback,no,Male,5.9999999999999485,207.00000000000048,12396,0.9831073043064478,UK
"[50,55)",12609,0.0364818780236339,0.00198271076215402,efi,UK BioBank,3-year lookback,no,Male,25.00000000000004,459.9999999999999,12124,0.961535411214212,UK
"[50,55)",12609,0.0164168451106353,4.7585058291696e-4,efi,UK BioBank,1-year lookback,yes,Male,5.9999999999999485,207.00000000000048,12396,0.9831073043064478,UK
"[50,55)",12609,0.0365611864541201,0.00198271076215402,efi,UK BioBank,3-year lookback,yes,Male,25.00000000000004,461.00000000000034,12123,0.961456102783726,UK
"[55,60)",15274,0.00615424905067435,1.3094146916328e-4,vafi,UK BioBank,1-year lookback,no,Male,1.999999999999939,94.00000000000001,15178,0.9937148094801623,UK
"[55,60)",15274,0.0210161058007071,0.00157129762995941,vafi,UK BioBank,3-year lookback,no,Male,24.00000000000003,321.0000000000003,14929,0.9774125965693335,UK
"[55,60)",15274,0.0257299986905853,0.00104753175330627,efi,UK BioBank,1-year lookback,no,Male,15.999999999999968,392.9999999999999,14865,0.9732224695561085,UK
"[55,60)",15274,0.0541442974990179,0.0045174806861333,efi,UK BioBank,3-year lookback,no,Male,69.00000000000003,826.9999999999993,14378,0.9413382218148487,UK
"[55,60)",15274,0.0257299986905853,0.00104753175330627,efi,UK BioBank,1-year lookback,yes,Male,15.999999999999968,392.9999999999999,14865,0.9732224695561085,UK
"[55,60)",15274,0.0542097682335996,0.0045174806861333,efi,UK BioBank,3-year lookback,yes,Male,69.00000000000003,828.0000000000003,14377,0.9412727510802671,UK
"[60,65)",21605,0.00888683175190928,2.7771349224716e-4,vafi,UK BioBank,1-year lookback,no,Male,5.999999999999892,191.99999999999997,21407,0.9908354547558436,UK
"[60,65)",21605,0.0302244850728998,0.00217542235593613,vafi,UK BioBank,3-year lookback,no,Male,47.00000000000009,653.0000000000002,20905,0.9676000925711641,UK
"[60,65)",21605,0.04147188150891,0.00148113862531821,efi,UK BioBank,1-year lookback,no,Male,31.99999999999993,896.0000000000006,20677,0.9570469798657718,UK
"[60,65)",21605,0.0905345984725758,0.00703540847026151,efi,UK BioBank,3-year lookback,no,Male,151.99999999999991,1956.0000000000002,19497,0.9024299930571626,UK
"[60,65)",21605,0.0416107382550336,0.00148113862531821,efi,UK BioBank,1-year lookback,yes,Male,31.99999999999993,899.0000000000009,20674,0.9569081231196482,UK
"[60,65)",21605,0.0906734552186994,0.00703540847026151,efi,UK BioBank,3-year lookback,yes,Male,151.99999999999991,1959.0000000000007,19494,0.9022911363110391,UK
"[65,70)",20753,0.0160940586903098,7.7097287139208e-4,vafi,UK BioBank,1-year lookback,no,Male,15.999999999999837,333.99999999999926,20403,0.9831349684382981,UK
"[65,70)",20753,0.0471257167638414,0.00501132366404857,vafi,UK BioBank,3-year lookback,no,Male,103.99999999999999,978.0000000000006,19671,0.9478629595721101,UK
"[65,70)",20753,0.0668337107888016,0.00375849274803643,efi,UK BioBank,1-year lookback,no,Male,78.00000000000003,1386.9999999999995,19288,0.929407796463162,UK
"[65,70)",20753,0.136799498867634,0.0130583530092035,efi,UK BioBank,3-year lookback,no,Male,271.0000000000002,2839.0000000000086,17642.999999999993,0.8501421481231626,UK
"[65,70)",20753,0.0668818965932636,0.00375849274803643,efi,UK BioBank,1-year lookback,yes,Male,78.00000000000003,1387.9999999999995,19287,0.9293596106587,UK
"[65,70)",20753,0.13694405628102,0.0130583530092035,efi,UK BioBank,3-year lookback,yes,Male,271.0000000000002,2842.0000000000077,17639.999999999993,0.8499975907097765,UK
"[70,75)",5461,0.0181285478850027,0.00109869987181835,vafi,UK BioBank,1-year lookback,no,Male,6.00000000000001,98.99999999999976,5356,0.980772752243179,UK
"[70,75)",5461,0.056766160043948,0.00695843252151621,vafi,UK BioBank,3-year lookback,no,Male,38.00000000000002,310.00000000000006,5113,0.9362754074345357,UK
"[70,75)",5461,0.0811206738692547,0.00457791613257645,efi,UK BioBank,1-year lookback,no,Male,24.999999999999996,442.99999999999994,4993,0.9143014099981688,UK
"[70,75)",5461,0.172495879875481,0.0150155649148508,efi,UK BioBank,3-year lookback,no,Male,82.00000000000021,942.0000000000018,4436.999999999998,0.8124885552096682,UK
"[70,75)",5461,0.0811206738692547,0.00457791613257645,efi,UK BioBank,1-year lookback,yes,Male,24.999999999999996,442.99999999999994,4993,0.9143014099981688,UK
"[70,75)",5461,0.172312763230178,0.0151986815601538,efi,UK BioBank,3-year lookback,yes,Male,82.9999999999999,941.000000000002,4436.999999999998,0.8124885552096682,UK
