age_group,is_female,category,N,count,percent
"[40,45)",0,AFIB,5126,62,0.012095200936402654
"[40,45)",1,AFIB,10340,60,0.005802707930367505
"[45,50)",0,AFIB,7521,146,0.01941231219252759
"[45,50)",1,AFIB,13729,119,0.008667783523927454
"[50,55)",0,AFIB,9542,244,0.025571159086145462
"[50,55)",1,AFIB,16444,187,0.011371928971053272
"[55,60)",0,AFIB,12063,432,0.035811987067893555
"[55,60)",1,AFIB,19021,318,0.016718363913569213
"[60,65)",0,AFIB,12801,636,0.04968361846730724
"[60,65)",1,AFIB,18803,468,0.02488964526937191
"[65,70)",0,AFIB,12266,890,0.07255829121147889
"[65,70)",1,AFIB,17867,705,0.03945821906307718
"[70,75)",0,AFIB,11053,1084,0.09807292137881118
"[70,75)",1,AFIB,14077,823,0.05846416139802515
"[75,80)",0,AFIB,7352,991,0.13479325353645266
"[75,80)",1,AFIB,8225,728,0.08851063829787234
"[80,100)",0,AFIB,5444,1026,0.1884643644379133
"[80,100)",1,AFIB,5775,826,0.14303030303030304
"[40,45)",0,Anemia,5126,299,0.05833008193523215
"[40,45)",1,Anemia,10340,1025,0.09912959381044488
"[45,50)",0,Anemia,7521,563,0.07485706687940434
"[45,50)",1,Anemia,13729,1449,0.1055430111442931
"[50,55)",0,Anemia,9542,732,0.07671347725843639
"[50,55)",1,Anemia,16444,1534,0.09328630503527123
"[55,60)",0,Anemia,12063,974,0.08074276713918593
"[55,60)",1,Anemia,19021,1644,0.08643078702486726
"[60,65)",0,Anemia,12801,1174,0.09171158503241934
"[60,65)",1,Anemia,18803,1648,0.08764558846992501
"[65,70)",0,Anemia,12266,1237,0.1008478721669656
"[65,70)",1,Anemia,17867,1750,0.09794593384451783
"[70,75)",0,Anemia,11053,1186,0.10730118519858863
"[70,75)",1,Anemia,14077,1513,0.10748028699296726
"[75,80)",0,Anemia,7352,896,0.12187159956474429
"[75,80)",1,Anemia,8225,968,0.11768996960486322
"[80,100)",0,Anemia,5444,883,0.16219691403379868
"[80,100)",1,Anemia,5775,848,0.14683982683982685
"[40,45)",0,Anxiety,5126,527,0.10280920795942255
"[40,45)",1,Anxiety,10340,1470,0.14216634429400388
"[45,50)",0,Anxiety,7521,787,0.10464034038026858
"[45,50)",1,Anxiety,13729,2003,0.14589554956661083
"[50,55)",0,Anxiety,9542,850,0.08907985747222805
"[50,55)",1,Anxiety,16444,2378,0.1446120165409876
"[55,60)",0,Anxiety,12063,1085,0.08994445826079749
"[55,60)",1,Anxiety,19021,2547,0.13390463172283265
"[60,65)",0,Anxiety,12801,1061,0.08288414967580658
"[60,65)",1,Anxiety,18803,2300,0.12232090623836622
"[65,70)",0,Anxiety,12266,913,0.07443339311919125
"[65,70)",1,Anxiety,17867,2035,0.11389712878491073
"[70,75)",0,Anxiety,11053,720,0.06514068578666425
"[70,75)",1,Anxiety,14077,1591,0.11302124032109113
"[75,80)",0,Anxiety,7352,403,0.054815016322089224
"[75,80)",1,Anxiety,8225,842,0.102370820668693
"[80,100)",0,Anxiety,5444,278,0.05106539309331374
"[80,100)",1,Anxiety,5775,548,0.09489177489177489
"[40,45)",0,Arthritis,5126,259,0.050526726492391726
"[40,45)",1,Arthritis,10340,737,0.07127659574468086
"[45,50)",0,Arthritis,7521,592,0.07871293710942694
"[45,50)",1,Arthritis,13729,1414,0.10299366304902033
"[50,55)",0,Arthritis,9542,888,0.09306225110039824
"[50,55)",1,Arthritis,16444,2224,0.13524689856482608
"[55,60)",0,Arthritis,12063,1427,0.11829561468954655
"[55,60)",1,Arthritis,19021,3225,0.16954944534987645
"[60,65)",0,Arthritis,12801,1795,0.14022342004530897
"[60,65)",1,Arthritis,18803,3715,0.1975748550763176
"[65,70)",0,Arthritis,12266,2030,0.1654981248980923
"[65,70)",1,Arthritis,17867,4033,0.2257234006828231
"[70,75)",0,Arthritis,11053,2210,0.19994571609517778
"[70,75)",1,Arthritis,14077,3586,0.2547417773673368
"[75,80)",0,Arthritis,7352,1515,0.2060663764961915
"[75,80)",1,Arthritis,8225,2251,0.273677811550152
"[80,100)",0,Arthritis,5444,1232,0.22630418809698752
"[80,100)",1,Arthritis,5775,1731,0.29974025974025975
"[40,45)",0,CAD,5126,167,0.03257900897385876
"[40,45)",1,CAD,10340,206,0.019922630560928432
"[45,50)",0,CAD,7521,390,0.051854806541683285
"[45,50)",1,CAD,13729,441,0.03212178600043703
"[50,55)",0,CAD,9542,724,0.07587507859987425
"[50,55)",1,CAD,16444,738,0.044879591340306495
"[55,60)",0,CAD,12063,1104,0.09151952250683909
"[55,60)",1,CAD,19021,1008,0.05299405919772883
"[60,65)",0,CAD,12801,1545,0.12069369580501524
"[60,65)",1,CAD,18803,1261,0.0670637664202521
"[65,70)",0,CAD,12266,1907,0.1554704060003261
"[65,70)",1,CAD,17867,1432,0.08014775843734259
"[70,75)",0,CAD,11053,2161,0.19551253053469647
"[70,75)",1,CAD,14077,1483,0.10534915109753498
"[75,80)",0,CAD,7352,1701,0.23136561479869422
"[75,80)",1,CAD,8225,1061,0.1289969604863222
"[80,100)",0,CAD,5444,1494,0.27443056576047026
"[80,100)",1,CAD,5775,927,0.1605194805194805
"[40,45)",0,CVA,5126,68,0.013265704252828716
"[40,45)",1,CVA,10340,120,0.01160541586073501
"[45,50)",0,CVA,7521,150,0.01994415636218588
"[45,50)",1,CVA,13729,246,0.017918275183917254
"[50,55)",0,CVA,9542,231,0.024208761265981975
"[50,55)",1,CVA,16444,329,0.020007297494526878
"[55,60)",0,CVA,12063,397,0.03291055293044848
"[55,60)",1,CVA,19021,530,0.027863939855948688
"[60,65)",0,CVA,12801,509,0.03976251855323803
"[60,65)",1,CVA,18803,638,0.03393075573046854
"[65,70)",0,CVA,12266,619,0.05046469916843307
"[65,70)",1,CVA,17867,713,0.039905971903509266
"[70,75)",0,CVA,11053,633,0.05726951958744232
"[70,75)",1,CVA,14077,722,0.05128933721673652
"[75,80)",0,CVA,7352,575,0.07821001088139282
"[75,80)",1,CVA,8225,514,0.062492401215805474
"[80,100)",0,CVA,5444,530,0.0973548861131521
"[80,100)",1,CVA,5775,511,0.08848484848484849
"[40,45)",0,Cancer,5126,161,0.031408505657432695
"[40,45)",1,Cancer,10340,466,0.04506769825918762
"[45,50)",0,Cancer,7521,308,0.04095200106368834
"[45,50)",1,Cancer,13729,916,0.06672008157913904
"[50,55)",0,Cancer,9542,588,0.06162230140431775
"[50,55)",1,Cancer,16444,1395,0.0848333738749696
"[55,60)",0,Cancer,12063,1017,0.08430738622233275
"[55,60)",1,Cancer,19021,1714,0.09011093002470953
"[60,65)",0,Cancer,12801,1452,0.11342863838762597
"[60,65)",1,Cancer,18803,2162,0.11498165186406424
"[65,70)",0,Cancer,12266,2033,0.1657427034077939
"[65,70)",1,Cancer,17867,2387,0.13359825376392231
"[70,75)",0,Cancer,11053,2243,0.20293133086039988
"[70,75)",1,Cancer,14077,2312,0.16423953967464658
"[75,80)",0,Cancer,7352,1592,0.21653971708378672
"[75,80)",1,Cancer,8225,1411,0.17155015197568388
"[80,100)",0,Cancer,5444,1255,0.23052902277736959
"[80,100)",1,Cancer,5775,977,0.16917748917748918
"[40,45)",0,Chronpain,5126,495,0.09656652360515021
"[40,45)",1,Chronpain,10340,1405,0.13588007736943908
"[45,50)",0,Chronpain,7521,873,0.11607499002792182
"[45,50)",1,Chronpain,13729,2133,0.155364556777624
"[50,55)",0,Chronpain,9542,1113,0.1166422133724586
"[50,55)",1,Chronpain,16444,2804,0.1705181221114084
"[55,60)",0,Chronpain,12063,1535,0.12724861145651994
"[55,60)",1,Chronpain,19021,3234,0.17002260659271332
"[60,65)",0,Chronpain,12801,1721,0.134442621670182
"[60,65)",1,Chronpain,18803,3272,0.17401478487475402
"[65,70)",0,Chronpain,12266,1509,0.12302299037991195
"[65,70)",1,Chronpain,17867,2916,0.1632059103374937
"[70,75)",0,Chronpain,11053,1228,0.11110105853614403
"[70,75)",1,Chronpain,14077,2369,0.1682886978759679
"[75,80)",0,Chronpain,7352,798,0.10854189336235039
"[75,80)",1,Chronpain,8225,1366,0.1660790273556231
"[80,100)",0,Chronpain,5444,584,0.10727406318883174
"[80,100)",1,Chronpain,5775,955,0.16536796536796536
"[40,45)",0,Dementia,5126,233,0.045454545454545456
"[40,45)",1,Dementia,10340,296,0.02862669245647969
"[45,50)",0,Dementia,7521,374,0.04972742986305013
"[45,50)",1,Dementia,13729,468,0.034088425959647464
"[50,55)",0,Dementia,9542,507,0.05313351498637602
"[50,55)",1,Dementia,16444,602,0.036609097543176844
"[55,60)",0,Dementia,12063,655,0.054298267429329354
"[55,60)",1,Dementia,19021,757,0.03979811786972294
"[60,65)",0,Dementia,12801,729,0.05694867588469651
"[60,65)",1,Dementia,18803,782,0.041589108121044514
"[65,70)",0,Dementia,12266,668,0.054459481493559433
"[65,70)",1,Dementia,17867,742,0.04152907595007556
"[70,75)",0,Dementia,11053,644,0.058264724509183026
"[70,75)",1,Dementia,14077,731,0.0519286779853662
"[75,80)",0,Dementia,7352,481,0.06542437431991295
"[75,80)",1,Dementia,8225,494,0.06006079027355623
"[80,100)",0,Dementia,5444,538,0.0988243938280676
"[80,100)",1,Dementia,5775,491,0.08502164502164503
"[40,45)",0,Depress,5126,652,0.12719469371829886
"[40,45)",1,Depress,10340,1632,0.15783365570599614
"[45,50)",0,Depress,7521,1003,0.13335992554181625
"[45,50)",1,Depress,13729,2282,0.16621749581178527
"[50,55)",0,Depress,9542,1244,0.13037099140641376
"[50,55)",1,Depress,16444,2862,0.17404524446606665
"[55,60)",0,Depress,12063,1596,0.13230539666749566
"[55,60)",1,Depress,19021,3298,0.1733873087639977
"[60,65)",0,Depress,12801,1585,0.12381845168346223
"[60,65)",1,Depress,18803,3081,0.1638568313566984
"[65,70)",0,Depress,12266,1304,0.10631012555030164
"[65,70)",1,Depress,17867,2730,0.1527956567974478
"[70,75)",0,Depress,11053,1114,0.10078711661992219
"[70,75)",1,Depress,14077,2142,0.15216310293386376
"[75,80)",0,Depress,7352,631,0.08582698585418934
"[75,80)",1,Depress,8225,1124,0.1366565349544073
"[80,100)",0,Depress,5444,387,0.07108743570903747
"[80,100)",1,Depress,5775,615,0.10649350649350649
"[40,45)",0,Diabetes,5126,487,0.09500585251658213
"[40,45)",1,Diabetes,10340,850,0.08220502901353965
"[45,50)",0,Diabetes,7521,955,0.12697779550591676
"[45,50)",1,Diabetes,13729,1502,0.10940345254570617
"[50,55)",0,Diabetes,9542,1443,0.15122615803814715
"[50,55)",1,Diabetes,16444,2232,0.13573339819995134
"[55,60)",0,Diabetes,12063,2002,0.16596203266185858
"[55,60)",1,Diabetes,19021,2931,0.1540928447505389
"[60,65)",0,Diabetes,12801,2302,0.17982970080462463
"[60,65)",1,Diabetes,18803,3068,0.16316545232143806
"[65,70)",0,Diabetes,12266,2361,0.19248328713517038
"[65,70)",1,Diabetes,17867,2912,0.16298203391727767
"[70,75)",0,Diabetes,11053,2209,0.19985524292047407
"[70,75)",1,Diabetes,14077,2244,0.15940896497833346
"[75,80)",0,Diabetes,7352,1444,0.19640914036996734
"[75,80)",1,Diabetes,8225,1268,0.15416413373860183
"[80,100)",0,Diabetes,5444,965,0.17725936811168258
"[80,100)",1,Diabetes,5775,890,0.15411255411255412
"[40,45)",0,DuraMed,5126,0,0
"[40,45)",1,DuraMed,10340,0,0
"[45,50)",0,DuraMed,7521,0,0
"[45,50)",1,DuraMed,13729,0,0
"[50,55)",0,DuraMed,9542,21,0.002200796478725634
"[50,55)",1,DuraMed,16444,0,0
"[55,60)",0,DuraMed,12063,41,0.0033988228467213793
"[55,60)",1,DuraMed,19021,0,0
"[60,65)",0,DuraMed,12801,46,0.003593469260214046
"[60,65)",1,DuraMed,18803,24,0.0012763920650959953
"[65,70)",0,DuraMed,12266,49,0.003994782325126366
"[65,70)",1,DuraMed,17867,25,0.0013992276263502547
"[70,75)",0,DuraMed,11053,88,0.007961639373925631
"[70,75)",1,DuraMed,14077,23,0.0016338708531647367
"[75,80)",0,DuraMed,7352,78,0.010609357997823721
"[75,80)",1,DuraMed,8225,0,0
"[80,100)",0,DuraMed,5444,63,0.011572373254959589
"[80,100)",1,DuraMed,5775,0,0
"[40,45)",0,Falls,5126,156,0.030433086227077643
"[40,45)",1,Falls,10340,241,0.023307543520309476
"[45,50)",0,Falls,7521,297,0.03948942959712804
"[45,50)",1,Falls,13729,395,0.02877121421807852
"[50,55)",0,Falls,9542,306,0.0320687486900021
"[50,55)",1,Falls,16444,515,0.03131841401118949
"[55,60)",0,Falls,12063,427,0.03539749647682998
"[55,60)",1,Falls,19021,676,0.03553966668419116
"[60,65)",0,Falls,12801,480,0.037497070541363954
"[60,65)",1,Falls,18803,744,0.03956815401797586
"[65,70)",0,Falls,12266,407,0.03318115114951899
"[65,70)",1,Falls,17867,766,0.0428723344713718
"[70,75)",0,Falls,11053,399,0.03609879670677644
"[70,75)",1,Falls,14077,722,0.05128933721673652
"[75,80)",0,Falls,7352,283,0.03849292709466812
"[75,80)",1,Falls,8225,500,0.060790273556231005
"[80,100)",0,Falls,5444,326,0.05988243938280676
"[80,100)",1,Falls,5775,503,0.0870995670995671
"[40,45)",0,Fatigue,5126,210,0.040967616074912214
"[40,45)",1,Fatigue,10340,697,0.06740812379110252
"[45,50)",0,Fatigue,7521,343,0.04560563754819838
"[45,50)",1,Fatigue,13729,1055,0.07684463544322237
"[50,55)",0,Fatigue,9542,497,0.05208551666317334
"[50,55)",1,Fatigue,16444,1209,0.07352225735830697
"[55,60)",0,Fatigue,12063,628,0.052060018237586006
"[55,60)",1,Fatigue,19021,1313,0.0690289679827559
"[60,65)",0,Fatigue,12801,689,0.05382392000624951
"[60,65)",1,Fatigue,18803,1340,0.0712652236345264
"[65,70)",0,Fatigue,12266,803,0.06546551443013207
"[65,70)",1,Fatigue,17867,1388,0.07768511781496613
"[70,75)",0,Fatigue,11053,818,0.07400705690762689
"[70,75)",1,Fatigue,14077,1263,0.08972082119769838
"[75,80)",0,Fatigue,7352,590,0.08025027203482046
"[75,80)",1,Fatigue,8225,820,0.09969604863221884
"[80,100)",0,Fatigue,5444,551,0.1012123438648053
"[80,100)",1,Fatigue,5775,744,0.12883116883116882
"[40,45)",0,FtoThrive,5126,0,0
"[40,45)",1,FtoThrive,10340,0,0
"[45,50)",0,FtoThrive,7521,0,0
"[45,50)",1,FtoThrive,13729,0,0
"[50,55)",0,FtoThrive,9542,0,0
"[50,55)",1,FtoThrive,16444,23,0.0013986864509851617
"[55,60)",0,FtoThrive,12063,34,0.0028185360192323635
"[55,60)",1,FtoThrive,19021,30,0.0015772041427895484
"[60,65)",0,FtoThrive,12801,43,0.003359112569330521
"[60,65)",1,FtoThrive,18803,32,0.0017018560867946605
"[65,70)",0,FtoThrive,12266,30,0.0024457850970161423
"[65,70)",1,FtoThrive,17867,39,0.002182795097106397
"[70,75)",0,FtoThrive,11053,38,0.0034379806387406136
"[70,75)",1,FtoThrive,14077,37,0.002628400937699794
"[75,80)",0,FtoThrive,7352,23,0.003128400435255713
"[75,80)",1,FtoThrive,8225,0,0
"[80,100)",0,FtoThrive,5444,0,0
"[80,100)",1,FtoThrive,5775,37,0.006406926406926407
"[40,45)",0,GaitAb,5126,63,0.012290284822473664
"[40,45)",1,GaitAb,10340,113,0.010928433268858801
"[45,50)",0,GaitAb,7521,103,0.013694987368700971
"[45,50)",1,GaitAb,13729,202,0.014713380435574332
"[50,55)",0,GaitAb,9542,153,0.01603437434500105
"[50,55)",1,GaitAb,16444,298,0.018122111408416443
"[55,60)",0,GaitAb,12063,228,0.01890077095249938
"[55,60)",1,GaitAb,19021,431,0.022659166184743177
"[60,65)",0,GaitAb,12801,311,0.024294976954925395
"[60,65)",1,GaitAb,18803,516,0.0274424293995639
"[65,70)",0,GaitAb,12266,338,0.02755584542638187
"[65,70)",1,GaitAb,17867,565,0.03162254435551576
"[70,75)",0,GaitAb,11053,379,0.03428933321270243
"[70,75)",1,GaitAb,14077,534,0.03793421893869432
"[75,80)",0,GaitAb,7352,356,0.04842219804134929
"[75,80)",1,GaitAb,8225,355,0.043161094224924014
"[80,100)",0,GaitAb,5444,376,0.06906686260102865
"[80,100)",1,GaitAb,5775,420,0.07272727272727272
"[40,45)",0,HF,5126,149,0.02906749902458057
"[40,45)",1,HF,10340,132,0.01276595744680851
"[45,50)",0,HF,7521,286,0.03802685813056774
"[45,50)",1,HF,13729,265,0.019302207007065336
"[50,55)",0,HF,9542,424,0.04443512890379375
"[50,55)",1,HF,16444,458,0.027852104110921917
"[55,60)",0,HF,12063,599,0.04965597280941723
"[55,60)",1,HF,19021,617,0.03243783187003838
"[60,65)",0,HF,12801,751,0.05866729161784236
"[60,65)",1,HF,18803,709,0.037706748923044195
"[65,70)",0,HF,12266,793,0.06465025273112669
"[65,70)",1,HF,17867,751,0.04203279789556165
"[70,75)",0,HF,11053,718,0.06495973943725686
"[70,75)",1,HF,14077,722,0.05128933721673652
"[75,80)",0,HF,7352,599,0.08147442872687705
"[75,80)",1,HF,8225,483,0.05872340425531915
"[80,100)",0,HF,5444,615,0.11296840558412932
"[80,100)",1,HF,5775,596,0.1032034632034632
"[40,45)",0,HTN,5126,911,0.1777214202106906
"[40,45)",1,HTN,10340,1542,0.14912959381044488
"[45,50)",0,HTN,7521,1786,0.23746842175242655
"[45,50)",1,HTN,13729,2770,0.20176269211158862
"[50,55)",0,HTN,9542,2636,0.2762523579962272
"[50,55)",1,HTN,16444,4089,0.2486621260034055
"[55,60)",0,HTN,12063,3700,0.3067230373870513
"[55,60)",1,HTN,19021,5430,0.28547394984490826
"[60,65)",0,HTN,12801,4566,0.3566908835247246
"[60,65)",1,HTN,18803,5994,0.3187789182577248
"[65,70)",0,HTN,12266,4950,0.40355454100766347
"[65,70)",1,HTN,17867,6344,0.35506800246264064
"[70,75)",0,HTN,11053,4876,0.4411471998552429
"[70,75)",1,HTN,14077,5593,0.39731476877175537
"[75,80)",0,HTN,7352,3392,0.4613710554951034
"[75,80)",1,HTN,8225,3587,0.4361094224924012
"[80,100)",0,HTN,5444,2711,0.4979794268919912
"[80,100)",1,HTN,5775,2908,0.5035497835497835
"[40,45)",0,Hearing,5126,71,0.013850955911041747
"[40,45)",1,Hearing,10340,142,0.013733075435203095
"[45,50)",0,Hearing,7521,123,0.016354208216992423
"[45,50)",1,Hearing,13729,194,0.014130672299511982
"[50,55)",0,Hearing,9542,185,0.019387968979249635
"[50,55)",1,Hearing,16444,342,0.02079785940160545
"[55,60)",0,Hearing,12063,317,0.026278703473431152
"[55,60)",1,Hearing,19021,478,0.02513011934178014
"[60,65)",0,Hearing,12801,452,0.03530974142645106
"[60,65)",1,Hearing,18803,598,0.03180343562197522
"[65,70)",0,Hearing,12266,704,0.057394423609978804
"[65,70)",1,Hearing,17867,846,0.047349862875692615
"[70,75)",0,Hearing,11053,959,0.08676377454084863
"[70,75)",1,Hearing,14077,815,0.057895858492576543
"[75,80)",0,Hearing,7352,839,0.11411860718171926
"[75,80)",1,Hearing,8225,626,0.07610942249240121
"[80,100)",0,Hearing,5444,859,0.15778839088905217
"[80,100)",1,Hearing,5775,586,0.10147186147186148
"[40,45)",0,Incont,5126,28,0.005462348809988295
"[40,45)",1,Incont,10340,274,0.026499032882011605
"[45,50)",0,Incont,7521,60,0.007977662544874352
"[45,50)",1,Incont,13729,458,0.03336004078956952
"[50,55)",0,Incont,9542,87,0.009117585411863341
"[50,55)",1,Incont,16444,604,0.03673072245195816
"[55,60)",0,Incont,12063,148,0.012268921495482053
"[55,60)",1,Incont,19021,715,0.03759003206981757
"[60,65)",0,Incont,12801,248,0.019373486446371376
"[60,65)",1,Incont,18803,806,0.04286550018614051
"[65,70)",0,Incont,12266,252,0.020544594814935594
"[65,70)",1,Incont,17867,896,0.05014831812839313
"[70,75)",0,Incont,11053,273,0.024699176694110196
"[70,75)",1,Incont,14077,816,0.05796689635575762
"[75,80)",0,Incont,7352,230,0.031284004352557127
"[75,80)",1,Incont,8225,578,0.07027355623100304
"[80,100)",0,Incont,5444,199,0.03655400440852315
"[80,100)",1,Incont,5775,500,0.08658008658008658
"[40,45)",0,Kidney,5126,209,0.0407725321888412
"[40,45)",1,Kidney,10340,243,0.023500967117988394
"[45,50)",0,Kidney,7521,440,0.058502858662411915
"[45,50)",1,Kidney,13729,463,0.033724233374608496
"[50,55)",0,Kidney,9542,626,0.06560469503248795
"[50,55)",1,Kidney,16444,674,0.0409875942593043
"[55,60)",0,Kidney,12063,856,0.07096078919008539
"[55,60)",1,Kidney,19021,915,0.04810472635508123
"[60,65)",0,Kidney,12801,1070,0.08358721974845715
"[60,65)",1,Kidney,18803,1156,0.06147955113545711
"[65,70)",0,Kidney,12266,1266,0.1032121310940812
"[65,70)",1,Kidney,17867,1222,0.06839424637600044
"[70,75)",0,Kidney,11053,1227,0.11101058536144033
"[70,75)",1,Kidney,14077,1211,0.08602685231228245
"[75,80)",0,Kidney,7352,944,0.12840043525571274
"[75,80)",1,Kidney,8225,807,0.09811550151975684
"[80,100)",0,Kidney,5444,932,0.17119764878765614
"[80,100)",1,Kidney,5775,842,0.1458008658008658
"[40,45)",0,Liver,5126,221,0.04311353882169333
"[40,45)",1,Liver,10340,378,0.03655705996131528
"[45,50)",0,Liver,7521,377,0.050126312990293846
"[45,50)",1,Liver,13729,595,0.04333891761963726
"[50,55)",0,Liver,9542,488,0.051142318172290924
"[50,55)",1,Liver,16444,795,0.04834590124057407
"[55,60)",0,Liver,12063,625,0.05181132388294786
"[55,60)",1,Liver,19021,1000,0.05257347142631828
"[60,65)",0,Liver,12801,718,0.056089368018123587
"[60,65)",1,Liver,18803,924,0.04914109450619582
"[65,70)",0,Liver,12266,659,0.05372574596445459
"[65,70)",1,Liver,17867,886,0.049588627077853026
"[70,75)",0,Liver,11053,512,0.04632226544829458
"[70,75)",1,Liver,14077,593,0.04212545286637778
"[75,80)",0,Liver,7352,248,0.03373231773667029
"[75,80)",1,Liver,8225,302,0.036717325227963525
"[80,100)",0,Liver,5444,151,0.027736958119030125
"[80,100)",1,Liver,5775,181,0.031341991341991345
"[40,45)",0,Lung,5126,361,0.0704252828716348
"[40,45)",1,Lung,10340,1135,0.10976789168278529
"[45,50)",0,Lung,7521,635,0.08443026193325355
"[45,50)",1,Lung,13729,1668,0.12149464636899993
"[50,55)",0,Lung,9542,893,0.09358625026199958
"[50,55)",1,Lung,16444,2280,0.138652396010703
"[55,60)",0,Lung,12063,1279,0.10602669319406449
"[55,60)",1,Lung,19021,2750,0.14457704642237526
"[60,65)",0,Lung,12801,1476,0.11530349191469416
"[60,65)",1,Lung,18803,2781,0.14790193054299847
"[65,70)",0,Lung,12266,1401,0.11421816403065384
"[65,70)",1,Lung,17867,2603,0.14568758045558852
"[70,75)",0,Lung,11053,1277,0.11553424409662535
"[70,75)",1,Lung,14077,2104,0.14946366413298287
"[75,80)",0,Lung,7352,900,0.12241566920565833
"[75,80)",1,Lung,8225,1241,0.15088145896656535
"[80,100)",0,Lung,5444,715,0.13133725202057311
"[80,100)",1,Lung,5775,897,0.15532467532467534
"[40,45)",0,Muscular,5126,45,0.008778774873195474
"[40,45)",1,Muscular,10340,124,0.011992263056092843
"[45,50)",0,Muscular,7521,53,0.007046935247972344
"[45,50)",1,Muscular,13729,144,0.010488746449122295
"[50,55)",0,Muscular,9542,103,0.010794382728987634
"[50,55)",1,Muscular,16444,208,0.012648990513257114
"[55,60)",0,Muscular,12063,139,0.011522838431567603
"[55,60)",1,Muscular,19021,273,0.01435255769938489
"[60,65)",0,Muscular,12801,156,0.012186547925943286
"[60,65)",1,Muscular,18803,243,0.012923469659096952
"[65,70)",0,Muscular,12266,176,0.014348605902494701
"[65,70)",1,Muscular,17867,246,0.013768399843286505
"[70,75)",0,Muscular,11053,162,0.014656654301999457
"[70,75)",1,Muscular,14077,195,0.013852383320309724
"[75,80)",0,Muscular,7352,128,0.017410228509249184
"[75,80)",1,Muscular,8225,142,0.017264437689969606
"[80,100)",0,Muscular,5444,111,0.020389419544452607
"[80,100)",1,Muscular,5775,120,0.02077922077922078
"[40,45)",0,Osteo,5126,44,0.008583690987124463
"[40,45)",1,Osteo,10340,73,0.007059961315280464
"[45,50)",0,Osteo,7521,69,0.009174311926605505
"[45,50)",1,Osteo,13729,148,0.01078010051715347
"[50,55)",0,Osteo,9542,109,0.011423181722909244
"[50,55)",1,Osteo,16444,305,0.01854779858915106
"[55,60)",0,Osteo,12063,158,0.013097902677609219
"[55,60)",1,Osteo,19021,655,0.03443562378423847
"[60,65)",0,Osteo,12801,204,0.01593625498007968
"[60,65)",1,Osteo,18803,1162,0.061798649151731104
"[65,70)",0,Osteo,12266,231,0.018832545247024296
"[65,70)",1,Osteo,17867,1889,0.10572563944702525
"[70,75)",0,Osteo,11053,260,0.023523025422962092
"[70,75)",1,Osteo,14077,1989,0.14129430986715918
"[75,80)",0,Osteo,7352,214,0.02910772578890098
"[75,80)",1,Osteo,8225,1278,0.15537993920972645
"[80,100)",0,Osteo,5444,254,0.04665686994856723
"[80,100)",1,Osteo,5775,1122,0.19428571428571428
"[40,45)",0,PD,5126,0,0
"[40,45)",1,PD,10340,42,0.004061895551257254
"[45,50)",0,PD,7521,58,0.007711740460045207
"[45,50)",1,PD,13729,86,0.00626411246267026
"[50,55)",0,PD,9542,72,0.007545587927059317
"[50,55)",1,PD,16444,111,0.006750182437363172
"[55,60)",0,PD,12063,115,0.009533283594462406
"[55,60)",1,PD,19021,164,0.008622049313916198
"[60,65)",0,PD,12801,190,0.014842590422623233
"[60,65)",1,PD,18803,253,0.013455299686220284
"[65,70)",0,PD,12266,288,0.023479536931354964
"[65,70)",1,PD,17867,276,0.015447472994906812
"[70,75)",0,PD,11053,305,0.02759431828462861
"[70,75)",1,PD,14077,346,0.024579100660652126
"[75,80)",0,PD,7352,268,0.03645266594124048
"[75,80)",1,PD,8225,216,0.026261398176291792
"[80,100)",0,PD,5444,194,0.035635562086700955
"[80,100)",1,PD,5775,169,0.029264069264069263
"[40,45)",0,PVD,5126,229,0.044674209910261414
"[40,45)",1,PVD,10340,434,0.04197292069632495
"[45,50)",0,PVD,7521,416,0.05531179364446217
"[45,50)",1,PVD,13729,684,0.0498215456333309
"[50,55)",0,PVD,9542,636,0.06665269335569063
"[50,55)",1,PVD,16444,971,0.05904889321333009
"[55,60)",0,PVD,12063,918,0.0761004725192738
"[55,60)",1,PVD,19021,1302,0.0684506597970664
"[60,65)",0,PVD,12801,1242,0.09702367002577923
"[60,65)",1,PVD,18803,1493,0.07940222304951337
"[65,70)",0,PVD,12266,1412,0.11511495189955975
"[65,70)",1,PVD,17867,1676,0.09380422007052107
"[70,75)",0,PVD,11053,1448,0.1310051569709581
"[70,75)",1,PVD,14077,1518,0.10783547630887264
"[75,80)",0,PVD,7352,1055,0.14349836779107725
"[75,80)",1,PVD,8225,1040,0.1264437689969605
"[80,100)",0,PVD,5444,960,0.1763409257898604
"[80,100)",1,PVD,5775,849,0.147012987012987
"[40,45)",0,PerNeuro,5126,198,0.03862660944206009
"[40,45)",1,PerNeuro,10340,321,0.031044487427466152
"[45,50)",0,PerNeuro,7521,366,0.048663741523733546
"[45,50)",1,PerNeuro,13729,586,0.04268337096656712
"[50,55)",0,PerNeuro,9542,553,0.057954307273108366
"[50,55)",1,PerNeuro,16444,813,0.04944052541960593
"[55,60)",0,PerNeuro,12063,771,0.06391444914200448
"[55,60)",1,PerNeuro,19021,1081,0.056831922611850064
"[60,65)",0,PerNeuro,12801,921,0.0719475041012421
"[60,65)",1,PerNeuro,18803,1182,0.06286230920597777
"[65,70)",0,PerNeuro,12266,922,0.0751671286482961
"[65,70)",1,PerNeuro,17867,1094,0.061230200929087146
"[70,75)",0,PerNeuro,11053,933,0.08441147199855242
"[70,75)",1,PerNeuro,14077,921,0.06542587198977055
"[75,80)",0,PerNeuro,7352,663,0.09017954298150163
"[75,80)",1,PerNeuro,8225,544,0.06613981762917934
"[80,100)",0,PerNeuro,5444,531,0.09753857457751654
"[80,100)",1,PerNeuro,5775,444,0.07688311688311689
"[40,45)",0,Thyroid,5126,125,0.024385485758876318
"[40,45)",1,Thyroid,10340,830,0.08027079303675048
"[45,50)",0,Thyroid,7521,244,0.0324424943491557
"[45,50)",1,Thyroid,13729,1271,0.09257775511690582
"[50,55)",0,Thyroid,9542,337,0.03531754349193041
"[50,55)",1,Thyroid,16444,1689,0.1027122354658234
"[55,60)",0,Thyroid,12063,516,0.04277542899776175
"[55,60)",1,Thyroid,19021,2187,0.11497818200935808
"[60,65)",0,Thyroid,12801,612,0.04780876494023904
"[60,65)",1,Thyroid,18803,2393,0.1272669254906132
"[65,70)",0,Thyroid,12266,800,0.06522093592043046
"[65,70)",1,Thyroid,17867,2778,0.1554821738400403
"[70,75)",0,Thyroid,11053,857,0.0775355107210712
"[70,75)",1,Thyroid,14077,2501,0.17766569581586986
"[75,80)",0,Thyroid,7352,617,0.08392274211099021
"[75,80)",1,Thyroid,8225,1542,0.1874772036474164
"[80,100)",0,Thyroid,5444,598,0.10984570168993388
"[80,100)",1,Thyroid,5775,1269,0.21974025974025974
"[40,45)",0,Vision,5126,109,0.02126414358174015
"[40,45)",1,Vision,10340,243,0.023500967117988394
"[45,50)",0,Vision,7521,220,0.029251429331205957
"[45,50)",1,Vision,13729,445,0.0324131400684682
"[50,55)",0,Vision,9542,328,0.034374345001047996
"[50,55)",1,Vision,16444,538,0.03271710046217465
"[55,60)",0,Vision,12063,432,0.035811987067893555
"[55,60)",1,Vision,19021,715,0.03759003206981757
"[60,65)",0,Vision,12801,613,0.04788688383720022
"[60,65)",1,Vision,18803,895,0.04759878742753816
"[65,70)",0,Vision,12266,745,0.06073699657590086
"[65,70)",1,Vision,17867,1068,0.05977500419768288
"[70,75)",0,Vision,11053,914,0.08269248167918213
"[70,75)",1,Vision,14077,1045,0.07423456702422392
"[75,80)",0,Vision,7352,719,0.09779651795429815
"[75,80)",1,Vision,8225,754,0.09167173252279635
"[80,100)",0,Vision,5444,766,0.14070536370315945
"[80,100)",1,Vision,5775,733,0.12692640692640692
"[40,45)",0,WgtLoss,5126,33,0.006437768240343348
"[40,45)",1,WgtLoss,10340,72,0.006963249516441006
"[45,50)",0,WgtLoss,7521,59,0.00784470150245978
"[45,50)",1,WgtLoss,13729,131,0.009541845728020977
"[50,55)",0,WgtLoss,9542,74,0.007755187591699853
"[50,55)",1,WgtLoss,16444,153,0.009304305521770858
"[55,60)",0,WgtLoss,12063,104,0.008621404294122524
"[55,60)",1,WgtLoss,19021,190,0.009988959571000473
"[60,65)",0,WgtLoss,12801,148,0.011561596750253887
"[60,65)",1,WgtLoss,18803,199,0.010583417539754295
"[65,70)",0,WgtLoss,12266,138,0.011250611446274254
"[65,70)",1,WgtLoss,17867,202,0.011305759220910058
"[70,75)",0,WgtLoss,11053,144,0.01302813715733285
"[70,75)",1,WgtLoss,14077,210,0.014917951268025857
"[75,80)",0,WgtLoss,7352,92,0.012513601741022852
"[75,80)",1,WgtLoss,8225,132,0.016048632218844984
"[80,100)",0,WgtLoss,5444,117,0.021491550330639236
"[80,100)",1,WgtLoss,5775,126,0.02181818181818182
